Experience (Years),Education,Recruiter Decision,Salary Expectation ($),Projects Count,Score (0-100),Role_AI Researcher,Role_Cybersecurity Analyst,Role_Data Scientist,Role_Software Engineer,Cert_AWS Certified,Cert_Deep Learning Specialization,Cert_Google ML,Cert_None,C++,Cybersecurity,Deep Learning,Ethical Hacking,Java,Linux,Machine Learning,NLP,Networking,Python,Pytorch,React,SQL,TensorFlow
1.0,1,1,0.8119925829407639,0.8,100,True,False,False,False,False,False,False,True,0,0,0,0,0,0,0,1,0,0,1,0,0,1
1.0,4,1,0.9135636965019547,0.1,100,False,False,True,False,False,False,True,False,0,0,1,0,0,0,1,0,0,1,0,0,1,0
0.1,4,1,0.3969254284855167,0.7000000000000001,70,False,True,False,False,False,True,False,False,0,1,0,1,0,1,0,0,0,0,0,0,0,0
0.7000000000000001,2,1,0.08473238448431397,0.0,95,True,False,False,False,True,False,False,False,0,0,0,0,0,0,0,0,0,1,1,0,0,1
0.4,5,1,0.5933146236343592,0.9,100,False,False,False,True,False,False,False,True,0,0,0,0,1,0,0,0,0,0,0,1,1,0
1.0,2,1,0.09862684173599279,0.5,100,False,True,False,False,False,False,True,False,0,1,0,1,0,1,0,0,1,0,0,0,0,0
0.4,3,1,0.3272902676155157,0.9,100,False,True,False,False,True,False,False,False,0,1,0,1,0,0,0,0,1,0,0,0,0,0
0.30000000000000004,3,1,0.7883256489926833,0.7000000000000001,90,True,False,False,False,True,False,False,False,0,0,0,0,0,0,0,1,0,0,1,0,0,1
0.7000000000000001,4,1,0.6538162774381078,0.30000000000000004,100,False,True,False,False,False,True,False,False,0,0,0,1,0,0,0,0,1,0,0,0,0,0
0.0,3,0,0.2567655607898166,0.1,35,True,False,False,False,True,False,False,False,0,0,0,0,0,0,0,1,0,1,1,0,0,1
0.1,5,1,0.612157963315626,0.7000000000000001,70,False,False,False,True,False,True,False,False,1,0,0,0,1,0,0,0,0,0,0,0,1,0
0.0,4,0,0.2834394106444823,0.5,50,False,True,False,False,False,False,True,False,0,1,0,1,0,0,0,0,1,0,0,0,0,0
0.0,3,1,0.024957402024656794,0.9,65,False,True,False,False,False,True,False,False,0,1,0,0,0,0,0,0,1,0,0,0,0,0
0.4,1,1,0.1293600280645485,1.0,100,False,False,False,True,False,True,False,False,1,0,0,0,1,0,0,0,0,0,0,0,1,0
0.0,3,0,0.7075022551869301,0.5,45,True,False,False,False,False,True,False,False,0,0,0,0,0,0,0,1,0,0,1,0,0,0
0.1,5,0,0.14161321038388297,0.6000000000000001,60,False,True,False,False,False,False,True,False,0,1,0,0,0,0,0,0,1,0,0,0,0,0
1.0,5,1,0.9431567605492635,0.2,100,False,False,True,False,False,False,False,True,0,0,0,0,0,0,0,0,0,1,0,0,1,0
0.30000000000000004,2,1,0.3294326951989577,0.6000000000000001,80,False,True,False,False,False,False,False,True,0,1,0,1,0,1,0,0,1,0,0,0,0,0
0.30000000000000004,4,1,0.9065099729377568,1.0,95,False,False,True,False,False,False,False,True,0,0,1,0,0,0,0,0,0,1,0,0,1,0
1.0,2,1,0.1639019745414454,0.9,100,False,False,True,False,False,True,False,False,0,0,0,0,0,0,1,0,0,1,0,0,1,0
0.5,1,1,0.2187656610203469,0.4,90,False,False,False,True,False,False,False,True,1,0,0,0,1,0,0,0,0,0,0,1,1,0
0.6000000000000001,1,1,0.8302470682569911,1.0,100,True,False,False,False,False,False,True,False,0,0,0,0,0,0,0,1,0,1,1,0,0,1
0.4,4,1,0.8389295379372557,0.8,100,False,False,True,False,True,False,False,False,0,0,1,0,0,0,1,0,0,0,0,0,1,0
0.8,4,1,0.6803021950486119,0.0,100,True,False,False,False,False,True,False,False,0,0,0,0,0,0,0,1,0,1,1,0,0,1
0.0,2,1,0.6387065250075175,1.0,80,True,False,False,False,False,True,False,False,0,0,0,0,0,0,0,1,0,1,1,0,0,1
0.7000000000000001,2,1,0.3553422872606996,1.0,100,True,False,False,False,False,True,False,False,0,0,0,0,0,0,0,1,0,1,0,0,0,0
0.30000000000000004,1,0,0.45251578630850964,0.2,60,False,True,False,False,False,True,False,False,0,1,0,1,0,0,0,0,0,0,0,0,0,0
0.1,3,0,0.020622431592663193,0.5,45,True,False,False,False,False,False,False,True,0,0,0,0,0,0,0,1,0,0,1,0,0,0
1.0,2,1,0.9925578831312019,0.2,100,True,False,False,False,False,False,True,False,0,0,0,0,0,0,0,1,0,1,1,0,0,0
1.0,2,1,0.24858424376064958,0.4,100,False,False,True,False,True,False,False,False,0,0,0,0,0,0,0,0,0,1,0,0,1,0
0.4,5,1,0.558710033076075,1.0,100,False,False,True,False,False,False,False,True,0,0,0,0,0,0,0,0,0,1,0,0,1,0
0.1,1,1,0.2320462062744313,1.0,75,False,True,False,False,False,False,False,True,0,0,0,1,0,1,0,0,1,0,0,0,0,0
0.8,3,1,0.140297684674752,0.4,100,False,False,True,False,True,False,False,False,0,0,1,0,0,0,1,0,0,1,0,0,1,0
0.9,1,1,0.7446627242658115,0.4,100,True,False,False,False,False,True,False,False,0,0,0,0,0,0,0,0,0,1,1,0,0,1
0.0,3,1,0.08664929337476202,1.0,75,False,True,False,False,False,True,False,False,0,0,0,1,0,1,0,0,1,0,0,0,0,0
0.7000000000000001,5,1,0.651736493936053,0.6000000000000001,100,True,False,False,False,True,False,False,False,0,0,0,0,0,0,0,1,0,0,1,0,0,0
0.7000000000000001,3,1,0.5118146737496241,0.30000000000000004,100,True,False,False,False,False,False,True,False,0,0,0,0,0,0,0,1,0,1,0,0,0,0
0.5,2,1,0.7194046306504962,0.7000000000000001,100,False,False,False,True,False,False,True,False,1,0,0,0,1,0,0,0,0,0,0,0,1,0
0.7000000000000001,5,1,0.8317129397614513,0.0,80,False,True,False,False,False,False,False,True,0,1,0,0,0,1,0,0,0,0,0,0,0,0
0.1,4,1,0.15384133507066255,0.8,70,False,False,True,False,True,False,False,False,0,0,0,0,0,0,0,0,0,1,0,0,1,0
1.0,4,1,0.7645459556981058,0.9,100,False,False,False,True,True,False,False,False,1,0,0,0,0,0,0,0,0,0,0,1,0,0
0.1,3,1,0.13925779292372464,1.0,80,False,True,False,False,True,False,False,False,0,0,0,0,0,1,0,0,1,0,0,0,0,0
0.30000000000000004,3,1,0.32973338678961617,1.0,95,True,False,False,False,False,False,False,True,0,0,0,0,0,0,0,1,0,1,0,0,0,1
0.1,4,1,0.1291971534529418,0.8,70,False,False,True,False,False,True,False,False,0,0,0,0,0,0,1,0,0,1,0,0,0,0
0.4,3,1,0.6941089505863487,0.6000000000000001,95,False,False,True,False,True,False,False,False,0,0,0,0,0,0,1,0,0,1,0,0,1,0
0.5,1,1,0.4093289566001804,0.4,90,False,False,False,True,True,False,False,False,0,0,0,0,1,0,0,0,0,0,0,0,1,0
0.4,4,1,0.1317655607898166,0.9,100,False,False,False,True,True,False,False,False,1,0,0,0,1,0,0,0,0,0,0,1,1,0
0.8,5,1,0.7942267214593566,0.9,100,False,False,True,False,False,False,True,False,0,0,0,0,0,0,1,0,0,1,0,0,0,0
0.1,4,1,0.07958304099428692,0.9,80,False,False,False,True,False,True,False,False,0,0,0,0,1,0,0,0,0,0,0,1,1,0
0.5,2,1,0.6170817881126591,0.1,75,True,False,False,False,False,True,False,False,0,0,0,0,0,0,0,0,0,1,1,0,0,0
0.5,5,1,0.06769319434699816,0.9,100,True,False,False,False,False,False,False,True,0,0,0,0,0,0,0,1,0,1,1,0,0,1
0.9,3,1,0.1875939661220808,0.30000000000000004,100,False,True,False,False,False,False,False,True,0,1,0,1,0,1,0,0,0,0,0,0,0,0
0.1,4,0,0.17441365139821596,0.4,45,False,False,True,False,False,False,False,True,0,0,1,0,0,0,1,0,0,0,0,0,1,0
0.9,1,1,0.5251954495339282,0.2,100,False,False,True,False,False,False,True,False,0,0,0,0,0,0,1,0,0,1,0,0,1,0
0.0,2,0,0.909316427783903,0.7000000000000001,60,False,False,True,False,True,False,False,False,0,0,0,0,0,0,1,0,0,1,0,0,1,0
0.1,1,0,0.20975744211686886,0.4,55,False,True,False,False,False,False,True,False,0,1,0,1,0,0,0,0,1,0,0,0,0,0
0.30000000000000004,1,1,0.11629247268718057,0.30000000000000004,75,False,False,False,True,False,False,True,False,1,0,0,0,1,0,0,0,0,0,0,1,1,0
0.1,1,0,0.5786934950385889,0.30000000000000004,55,False,True,False,False,True,False,False,False,0,1,0,1,0,1,0,0,1,0,0,0,0,0
0.2,1,0,0.27847799939861684,0.1,35,True,False,False,False,False,False,False,True,0,0,0,0,0,0,0,0,0,0,1,0,0,1
0.6000000000000001,5,1,0.5035707126390698,0.4,100,False,False,False,True,False,False,True,False,0,0,0,0,1,0,0,0,0,0,0,1,0,0
0.0,2,1,0.39740152350405944,1.0,70,True,False,False,False,False,True,False,False,0,0,0,0,0,0,0,0,0,1,1,0,0,0
0.8,1,1,0.409629648190839,0.9,100,False,False,True,False,False,False,False,True,0,0,1,0,0,0,1,0,0,1,0,0,1,0
0.9,3,1,0.5557532324345997,0.30000000000000004,100,False,False,True,False,False,False,True,False,0,0,1,0,0,0,1,0,0,1,0,0,0,0
0.9,3,1,0.7388493535130802,0.8,100,False,False,False,True,False,False,False,True,1,0,0,0,1,0,0,0,0,0,0,1,1,0
1.0,4,1,0.2935626941966524,0.2,100,False,False,True,False,False,True,False,False,0,0,1,0,0,0,1,0,0,1,0,0,1,0
0.1,5,0,0.28267515285155864,0.30000000000000004,40,False,False,False,True,False,False,False,True,1,0,0,0,1,0,0,0,0,0,0,1,0,0
0.8,1,1,0.6133732584945375,0.1,100,False,False,False,True,False,False,False,True,1,0,0,0,1,0,0,0,0,0,0,1,1,0
0.9,3,1,0.09815074671745017,0.4,100,True,False,False,False,False,False,True,False,0,0,0,0,0,0,0,1,0,1,1,0,0,1
0.9,3,1,0.5200836924927335,0.30000000000000004,100,False,True,False,False,False,False,True,False,0,1,0,1,0,1,0,0,1,0,0,0,0,0
0.1,2,0,0.04462764358023463,0.1,45,False,False,True,False,True,False,False,False,0,0,1,0,0,0,1,0,0,1,0,0,1,0
0.8,5,1,0.1326175202966824,0.0,100,True,False,False,False,False,True,False,False,0,0,0,0,0,0,0,1,0,0,1,0,0,1
0.0,4,0,0.2550240553272527,0.7000000000000001,60,False,True,False,False,False,False,True,False,0,0,0,1,0,1,0,0,1,0,0,0,0,0
0.0,3,0,0.3722937756840734,0.6000000000000001,60,False,False,True,False,False,True,False,False,0,0,1,0,0,0,1,0,0,1,0,0,1,0
0.5,4,1,0.010386388693996218,0.6000000000000001,100,False,False,False,True,True,False,False,False,0,0,0,0,1,0,0,0,0,0,0,0,1,0
0.9,1,1,0.8972135912598977,0.4,100,True,False,False,False,False,True,False,False,0,0,0,0,0,0,0,1,0,0,0,0,0,1
0.4,2,1,0.60226019845645,0.8,100,False,False,False,True,False,True,False,False,1,0,0,0,1,0,0,0,0,0,0,1,1,0
0.0,3,0,0.26619975944672747,0.0,20,False,False,True,False,False,True,False,False,0,0,0,0,0,0,1,0,0,1,0,0,0,0
0.7000000000000001,5,1,0.279655708128696,0.1,95,False,True,False,False,False,False,False,True,0,1,0,1,0,1,0,0,1,0,0,0,0,0
0.1,4,0,0.4427057231632756,0.6000000000000001,50,True,False,False,False,False,False,False,True,0,0,0,0,0,0,0,0,0,1,0,0,0,1
0.6000000000000001,1,1,0.5289039791520498,0.4,100,False,False,True,False,False,True,False,False,0,0,1,0,0,0,1,0,0,1,0,0,1,0
0.7000000000000001,4,1,0.6048035481607699,0.4,100,True,False,False,False,False,False,False,True,0,0,0,0,0,0,0,1,0,0,1,0,0,1
0.1,5,1,0.8394306905883533,1.0,80,False,False,False,True,False,True,False,False,1,0,0,0,0,0,0,0,0,0,0,1,0,0
0.9,3,1,0.14031021349102946,0.4,100,False,False,False,True,False,True,False,False,1,0,0,0,1,0,0,0,0,0,0,0,0,0
1.0,2,1,0.2834644682770372,0.2,100,True,False,False,False,False,False,False,True,0,0,0,0,0,0,0,1,0,1,0,0,0,1
0.0,1,0,0.1529142026661321,0.2,35,False,False,False,True,True,False,False,False,1,0,0,0,1,0,0,0,0,0,0,0,1,0
0.8,3,1,0.591197253683472,0.2,100,False,False,False,True,False,False,False,True,1,0,0,0,1,0,0,0,0,0,0,1,0,0
0.6000000000000001,3,1,0.4016487922221109,1.0,100,False,False,True,False,False,True,False,False,0,0,1,0,0,0,1,0,0,1,0,0,1,0
0.7000000000000001,1,1,0.7324721860278642,0.7000000000000001,100,True,False,False,False,False,False,False,True,0,0,0,0,0,0,0,0,0,1,1,0,0,0
0.5,5,1,0.7798937556379675,1.0,100,False,False,False,True,False,False,True,False,0,0,0,0,1,0,0,0,0,0,0,1,1,0
1.0,3,1,0.2538087601483412,0.8,100,False,True,False,False,False,False,False,True,0,1,0,1,0,1,0,0,1,0,0,0,0,0
0.4,4,1,0.11584143530119273,0.7000000000000001,95,True,False,False,False,False,False,True,False,0,0,0,0,0,0,0,1,0,0,0,0,0,1
0.4,4,1,0.3439285356319536,0.6000000000000001,95,True,False,False,False,False,False,True,False,0,0,0,0,0,0,0,0,0,1,1,0,0,1
0.5,1,1,0.6084995489626142,0.0,75,True,False,False,False,True,False,False,False,0,0,0,0,0,0,0,1,0,0,1,0,0,1
0.0,1,1,0.5947554375062645,1.0,70,True,False,False,False,False,True,False,False,0,0,0,0,0,0,0,1,0,0,1,0,0,0
0.9,2,1,0.9181116568106646,0.8,100,False,False,False,True,False,False,True,False,1,0,0,0,1,0,0,0,0,0,0,0,1,0
0.1,1,0,0.716021850255588,0.4,60,True,False,False,False,True,False,False,False,0,0,0,0,0,0,0,1,0,1,1,0,0,1
0.4,5,1,0.6207777889145034,0.2,80,True,False,False,False,False,True,False,False,0,0,0,0,0,0,0,1,0,1,1,0,0,1
0.6000000000000001,2,1,0.8728199859677259,0.9,100,True,False,False,False,True,False,False,False,0,0,0,0,0,0,0,1,0,1,1,0,0,1
0.6000000000000001,5,1,0.29035531722962815,0.8,100,False,False,True,False,False,False,True,False,0,0,1,0,0,0,0,0,0,1,0,0,0,0
0.6000000000000001,1,1,0.34654705823393805,0.30000000000000004,100,False,False,False,True,False,False,True,False,0,0,0,0,1,0,0,0,0,0,0,1,1,0
0.1,3,0,0.5721910393905985,0.30000000000000004,45,False,True,False,False,False,False,True,False,0,1,0,0,0,1,0,0,0,0,0,0,0,0
0.8,2,1,0.23416357622531825,0.30000000000000004,100,False,True,False,False,False,True,False,False,0,1,0,1,0,0,0,0,0,0,0,0,0,0
0.2,4,0,0.11602936754535431,0.30000000000000004,55,False,True,False,False,False,True,False,False,0,0,0,1,0,0,0,0,1,0,0,0,0,0
0.8,5,1,0.7196050917109351,0.7000000000000001,100,False,True,False,False,False,False,False,True,0,0,0,1,0,1,0,0,1,0,0,0,0,0
0.5,2,1,0.5226520998296083,0.1,75,False,False,False,True,False,False,True,False,0,0,0,0,1,0,0,0,0,0,0,0,1,0
0.7000000000000001,2,1,0.9780871003307607,0.6000000000000001,100,False,False,True,False,True,False,False,False,0,0,1,0,0,0,1,0,0,0,0,0,1,0
0.9,2,1,0.8220156359627142,0.0,100,True,False,False,False,True,False,False,False,0,0,0,0,0,0,0,1,0,1,0,0,0,1
0.2,2,0,0.7259070862984867,0.2,55,False,False,True,False,False,True,False,False,0,0,1,0,0,0,1,0,0,1,0,0,0,0
0.4,2,1,0.573807256690388,0.6000000000000001,85,False,False,True,False,False,False,False,True,0,0,0,0,0,0,1,0,0,1,0,0,1,0
0.7000000000000001,4,1,0.8413350706625238,0.30000000000000004,100,False,True,False,False,False,False,False,True,0,1,0,1,0,1,0,0,1,0,0,0,0,0
0.9,2,1,0.9748922521800141,0.0,100,False,False,False,True,False,False,True,False,0,0,0,0,1,0,0,0,0,0,0,1,0,0
0.5,2,1,0.23739601082489736,0.4,95,False,False,True,False,False,True,False,False,0,0,1,0,0,0,1,0,0,0,0,0,1,0
0.30000000000000004,4,1,0.7763982158965621,0.1,65,False,False,True,False,False,True,False,False,0,0,1,0,0,0,1,0,0,1,0,0,1,0
0.0,1,0,0.73078079583041,0.30000000000000004,35,True,False,False,False,False,True,False,False,0,0,0,0,0,0,0,0,0,0,1,0,0,1
0.2,4,0,0.5697604490327755,0.2,50,False,False,False,True,False,True,False,False,1,0,0,0,1,0,0,0,0,0,0,0,0,0
0.9,5,1,0.6065575824396112,0.9,100,True,False,False,False,False,False,False,True,0,0,0,0,0,0,0,1,0,0,1,0,0,1
1.0,2,1,0.7644457251678862,1.0,100,False,True,False,False,False,False,False,True,0,1,0,1,0,1,0,0,1,0,0,0,0,0
0.5,5,1,0.4010975243059036,1.0,100,False,False,False,True,True,False,False,False,1,0,0,0,1,0,0,0,0,0,0,1,0,0
0.4,4,1,0.7456399719354516,0.9,100,False,False,False,True,False,False,True,False,0,0,0,0,1,0,0,0,0,0,0,1,1,0
0.5,4,1,0.3607797935251078,0.8,100,False,False,False,True,False,True,False,False,1,0,0,0,1,0,0,0,0,0,0,1,1,0
0.6000000000000001,1,1,0.28036985065651,0.0,80,False,False,False,True,False,False,True,False,0,0,0,0,1,0,0,0,0,0,0,1,0,0
0.4,1,1,0.09391600681567613,0.2,80,True,False,False,False,True,False,False,False,0,0,0,0,0,0,0,1,0,1,1,0,0,1
0.7000000000000001,5,1,0.645472085797334,0.30000000000000004,100,False,True,False,False,False,False,False,True,0,1,0,1,0,1,0,0,1,0,0,0,0,0
0.1,5,1,0.43322140924125496,0.9,75,False,False,False,True,True,False,False,False,0,0,0,0,1,0,0,0,0,0,0,0,1,0
0.6000000000000001,4,1,0.29993986168186837,1.0,100,False,False,False,True,True,False,False,False,1,0,0,0,1,0,0,0,0,0,0,1,0,0
0.9,1,1,0.3263506063947079,0.2,100,False,False,True,False,False,True,False,False,0,0,0,0,0,0,0,0,0,1,0,0,1,0
0.5,3,1,0.6908013430891049,0.5,100,False,False,True,False,False,True,False,False,0,0,1,0,0,0,1,0,0,1,0,0,1,0
0.30000000000000004,4,0,0.10826150145334268,0.0,50,True,False,False,False,False,True,False,False,0,0,0,0,0,0,0,0,0,1,1,0,0,0
0.8,1,1,0.8915129798536634,0.5,100,False,True,False,False,True,False,False,False,0,1,0,1,0,1,0,0,1,0,0,0,0,0
0.30000000000000004,1,0,0.6475518692993887,0.0,55,True,False,False,False,False,True,False,False,0,0,0,0,0,0,0,1,0,1,1,0,0,0
0.1,1,0,0.9194271825197957,0.4,60,True,False,False,False,True,False,False,False,0,0,0,0,0,0,0,1,0,1,1,0,0,1
0.0,1,0,0.7907812969830612,0.30000000000000004,30,False,False,False,True,False,False,False,True,1,0,0,0,1,0,0,0,0,0,0,0,1,0
0.8,1,1,0.9279091911396211,0.4,100,False,True,False,False,False,True,False,False,0,1,0,1,0,1,0,0,1,0,0,0,0,0
0.1,5,0,0.9580911095519695,0.0,30,False,False,False,True,False,False,False,True,1,0,0,0,1,0,0,0,0,0,0,1,1,0
0.6000000000000001,1,1,0.2598852360428987,0.30000000000000004,100,True,False,False,False,False,True,False,False,0,0,0,0,0,0,0,1,0,1,1,0,0,1
0.7000000000000001,1,1,0.03519344492332366,0.0,80,False,True,False,False,False,False,False,True,0,1,0,0,0,0,0,0,1,0,0,0,0,0
0.4,3,1,0.9384459256289466,0.5,80,False,True,False,False,False,False,False,True,0,1,0,1,0,1,0,0,0,0,0,0,0,0
1.0,3,1,0.60881276936955,0.30000000000000004,100,False,False,True,False,False,False,True,False,0,0,0,0,0,0,1,0,0,1,0,0,1,0
0.4,3,1,0.2603863886939962,0.7000000000000001,95,False,False,True,False,False,False,False,True,0,0,1,0,0,0,1,0,0,1,0,0,1,0
0.30000000000000004,4,1,0.6667585446527013,0.1,65,False,True,False,False,False,False,True,False,0,1,0,1,0,1,0,0,1,0,0,0,0,0
0.30000000000000004,1,1,0.3085972737295781,0.2,65,False,False,True,False,False,False,True,False,0,0,1,0,0,0,0,0,0,1,0,0,1,0
0.9,2,1,0.24807056229327462,0.2,100,False,True,False,False,False,True,False,False,0,1,0,1,0,1,0,0,0,0,0,0,0,0
0.5,2,1,0.6206149143028967,0.30000000000000004,85,False,False,True,False,False,False,False,True,0,0,1,0,0,0,1,0,0,1,0,0,1,0
1.0,4,1,0.543612809461762,0.0,100,False,True,False,False,False,True,False,False,0,1,0,1,0,1,0,0,1,0,0,0,0,0
0.5,2,1,0.49173098125689085,0.5,100,True,False,False,False,False,False,True,False,0,0,0,0,0,0,0,0,0,1,1,0,0,1
1.0,3,1,0.22722261200761762,0.8,100,True,False,False,False,True,False,False,False,0,0,0,0,0,0,0,1,0,0,1,0,0,1
1.0,5,1,0.9975192943770674,0.1,100,False,False,True,False,False,False,False,True,0,0,1,0,0,0,1,0,0,1,0,0,1,0
0.8,5,1,0.7002731281948482,0.4,100,False,False,True,False,True,False,False,False,0,0,0,0,0,0,1,0,0,1,0,0,0,0
0.6000000000000001,2,1,0.29046807657612517,0.0,85,True,False,False,False,False,True,False,False,0,0,0,0,0,0,0,1,0,0,1,0,0,1
0.9,1,1,0.539578530620427,0.2,100,False,False,True,False,False,False,True,False,0,0,0,0,0,0,1,0,0,1,0,0,0,0
0.30000000000000004,2,1,0.9825473589255287,0.7000000000000001,90,False,True,False,False,False,False,True,False,0,0,0,1,0,1,0,0,1,0,0,0,0,0
0.6000000000000001,5,1,0.7448631853262504,1.0,100,False,False,False,True,True,False,False,False,0,0,0,0,1,0,0,0,0,0,0,1,1,0
0.7000000000000001,5,1,0.27572165981758046,0.2,100,False,False,True,False,True,False,False,False,0,0,1,0,0,0,1,0,0,1,0,0,1,0
0.7000000000000001,2,1,0.3244462263205373,0.0,100,False,False,True,False,False,False,True,False,0,0,1,0,0,0,1,0,0,1,0,0,1,0
0.5,4,1,0.1725218001403228,0.8,100,False,True,False,False,False,True,False,False,0,1,0,1,0,1,0,0,0,0,0,0,0,0
0.6000000000000001,3,1,0.7365816377668639,0.2,90,False,True,False,False,False,False,False,True,0,1,0,1,0,1,0,0,1,0,0,0,0,0
0.6000000000000001,1,1,0.23800992282249178,0.5,100,False,True,False,False,True,False,False,False,0,1,0,1,0,1,0,0,1,0,0,0,0,0
0.2,5,0,0.5746968026460861,0.1,40,True,False,False,False,False,False,False,True,0,0,0,0,0,0,0,0,0,1,1,0,0,1
0.6000000000000001,1,1,0.9220081186729479,0.9,100,False,True,False,False,True,False,False,False,0,0,0,1,0,1,0,0,0,0,0,0,0,0
0.2,4,0,0.9774731883331664,0.1,45,False,True,False,False,False,True,False,False,0,1,0,0,0,1,0,0,0,0,0,0,0,0
0.30000000000000004,5,1,0.9068482509772477,0.9,95,False,False,True,False,False,True,False,False,0,0,0,0,0,0,1,0,0,0,0,0,1,0
0.5,3,1,0.7390874010223514,0.8,100,False,False,True,False,True,False,False,False,0,0,0,0,0,0,1,0,0,0,0,0,1,0
0.5,3,1,0.9415280144331963,1.0,100,False,True,False,False,False,False,False,True,0,1,0,0,0,1,0,0,0,0,0,0,0,0
0.1,3,0,0.4555101733988174,0.2,35,True,False,False,False,False,False,False,True,0,0,0,0,0,0,0,1,0,1,0,0,0,1
0.7000000000000001,3,1,0.9724741906384686,1.0,100,False,True,False,False,False,False,True,False,0,1,0,1,0,1,0,0,1,0,0,0,0,0
0.2,5,0,0.6143505061641776,0.30000000000000004,45,False,False,True,False,False,False,False,True,0,0,1,0,0,0,0,0,0,0,0,0,1,0
0.30000000000000004,3,1,0.45122531823193346,0.6000000000000001,85,True,False,False,False,True,False,False,False,0,0,0,0,0,0,0,1,0,1,1,0,0,0
0.2,1,1,0.2872982860579333,0.7000000000000001,80,False,True,False,False,False,False,True,False,0,1,0,1,0,0,0,0,1,0,0,0,0,0
0.9,1,1,0.35154605592863586,0.2,100,False,False,False,True,False,True,False,False,1,0,0,0,1,0,0,0,0,0,0,1,1,0
0.7000000000000001,3,1,0.7323719554976447,0.0,80,False,False,True,False,False,False,False,True,0,0,0,0,0,0,1,0,0,1,0,0,0,0
0.8,4,1,0.05498897464167585,0.1,100,False,True,False,False,False,False,False,True,0,1,0,1,0,0,0,0,1,0,0,0,0,0
0.30000000000000004,1,1,0.13400821890347803,0.6000000000000001,85,False,False,True,False,True,False,False,False,0,0,1,0,0,0,0,0,0,1,0,0,1,0
0.30000000000000004,2,1,0.7597098326150147,0.5,80,False,False,False,True,False,False,True,False,1,0,0,0,0,0,0,0,0,0,0,1,1,0
0.9,5,1,0.3635361331061442,0.8,100,False,False,True,False,False,True,False,False,0,0,0,0,0,0,0,0,0,1,0,0,1,0
0.6000000000000001,4,1,0.4510373859877719,0.4,100,False,False,True,False,False,False,False,True,0,0,1,0,0,0,1,0,0,1,0,0,1,0
0.9,1,1,0.21471885336273433,0.2,100,False,False,True,False,False,False,True,False,0,0,1,0,0,0,1,0,0,1,0,0,1,0
0.1,4,0,0.1973413851859277,0.30000000000000004,35,False,False,False,True,False,False,False,True,1,0,0,0,0,0,0,0,0,0,0,1,0,0
0.8,1,1,0.9843389796532025,0.5,100,False,False,True,False,False,False,True,False,0,0,1,0,0,0,1,0,0,1,0,0,1,0
0.30000000000000004,4,1,0.5178159767465171,0.7000000000000001,75,True,False,False,False,False,False,False,True,0,0,0,0,0,0,0,0,0,0,1,0,0,1
0.8,4,1,0.32152701212789425,0.4,100,False,True,False,False,False,False,False,True,0,1,0,1,0,0,0,0,1,0,0,0,0,0
0.6000000000000001,5,1,0.1764683772677158,0.7000000000000001,100,False,False,False,True,False,True,False,False,0,0,0,0,1,0,0,0,0,0,0,1,0,0
0.1,5,1,0.2557131402225118,0.7000000000000001,65,False,False,True,False,False,False,False,True,0,0,1,0,0,0,1,0,0,1,0,0,1,0
0.0,1,0,0.03556930941164682,0.7000000000000001,45,True,False,False,False,False,False,False,True,0,0,0,0,0,0,0,1,0,0,1,0,0,0
0.5,5,1,0.6210408940563297,0.30000000000000004,80,False,False,True,False,False,False,False,True,0,0,1,0,0,0,0,0,0,1,0,0,1,0
0.7000000000000001,3,1,0.6232459657211586,0.30000000000000004,100,False,False,False,True,False,True,False,False,1,0,0,0,1,0,0,0,0,0,0,1,1,0
0.5,4,1,0.3016563095118774,0.7000000000000001,100,False,False,False,True,False,True,False,False,1,0,0,0,1,0,0,0,0,0,0,1,1,0
0.0,1,0,0.051881828204871194,0.7000000000000001,55,True,False,False,False,False,True,False,False,0,0,0,0,0,0,0,0,0,1,1,0,0,0
0.0,4,0,0.31737997394006223,0.30000000000000004,40,True,False,False,False,False,True,False,False,0,0,0,0,0,0,0,1,0,1,0,0,0,1
0.30000000000000004,3,1,0.3238072566903879,0.5,85,False,False,True,False,False,False,True,False,0,0,1,0,0,0,1,0,0,1,0,0,1,0
0.1,5,1,0.22648341184724874,0.5,65,False,False,False,True,True,False,False,False,1,0,0,0,1,0,0,0,0,0,0,1,1,0
0.8,1,1,0.24584043299589065,0.8,100,False,True,False,False,False,True,False,False,0,1,0,1,0,1,0,0,0,0,0,0,0,0
0.1,5,0,0.25533727573418863,0.30000000000000004,45,False,True,False,False,True,False,False,False,0,0,0,1,0,1,0,0,0,0,0,0,0,0
0.30000000000000004,4,1,0.5050115265109754,1.0,100,True,False,False,False,False,True,False,False,0,0,0,0,0,0,0,1,0,1,0,0,0,1
1.0,5,1,0.6901498446426781,0.6000000000000001,100,False,False,True,False,False,False,False,True,0,0,0,0,0,0,1,0,0,1,0,0,1,0
0.9,1,1,0.93573970131302,0.5,100,True,False,False,False,True,False,False,False,0,0,0,0,0,0,0,1,0,1,1,0,0,1
0.7000000000000001,2,1,0.026949483812769404,0.6000000000000001,100,True,False,False,False,False,False,False,True,0,0,0,0,0,0,0,0,0,1,1,0,0,0
0.8,5,1,0.3703016938959608,1.0,100,False,False,True,False,False,False,False,True,0,0,1,0,0,0,0,0,0,1,0,0,0,0
0.1,5,1,0.35828655908589757,0.7000000000000001,70,False,False,False,True,False,True,False,False,1,0,0,0,1,0,0,0,0,0,0,0,1,0
0.30000000000000004,3,0,0.9226220306705424,0.0,55,False,True,False,False,False,True,False,False,0,1,0,1,0,1,0,0,0,0,0,0,0,0
0.1,1,0,0.6246366643279544,0.4,50,True,False,False,False,False,True,False,False,0,0,0,0,0,0,0,0,0,1,0,0,0,1
0.8,4,1,0.7788162774381078,0.8,100,False,True,False,False,False,False,True,False,0,1,0,1,0,1,0,0,1,0,0,0,0,0
0.6000000000000001,5,1,0.6001678861381177,0.1,85,True,False,False,False,False,False,True,False,0,0,0,0,0,0,0,1,0,0,0,0,0,1
0.8,2,1,0.3288062543850857,0.0,95,False,True,False,False,False,False,False,True,0,1,0,1,0,0,0,0,1,0,0,0,0,0
0.1,5,1,0.027112358424376093,0.7000000000000001,70,True,False,False,False,False,True,False,False,0,0,0,0,0,0,0,1,0,1,0,0,0,1
0.9,4,1,0.5294176606194247,0.30000000000000004,100,False,False,False,True,False,False,True,False,1,0,0,0,1,0,0,0,0,0,0,0,0,0
1.0,1,1,0.04396361631753032,0.4,100,True,False,False,False,False,False,False,True,0,0,0,0,0,0,0,1,0,1,1,0,0,1
0.7000000000000001,4,1,0.9568883431893356,1.0,100,False,True,False,False,False,False,False,True,0,1,0,1,0,1,0,0,1,0,0,0,0,0
0.2,1,1,0.7008870401924427,0.5,65,False,False,False,True,True,False,False,False,1,0,0,0,0,0,0,0,0,0,0,1,0,0
0.1,3,1,0.7806078981657814,0.6000000000000001,70,False,True,False,False,False,True,False,False,0,1,0,1,0,1,0,0,1,0,0,0,0,0
0.2,3,1,0.6302370452039692,0.4,65,True,False,False,False,False,False,True,False,0,0,0,0,0,0,0,1,0,1,0,0,0,1
0.30000000000000004,2,1,0.7486844742908692,0.4,75,False,False,True,False,True,False,False,False,0,0,1,0,0,0,1,0,0,1,0,0,0,0
0.7000000000000001,2,1,0.7091811165681068,0.30000000000000004,100,False,True,False,False,False,False,True,False,0,0,0,1,0,1,0,0,1,0,0,0,0,0
0.2,4,0,0.6798261000300692,0.1,45,False,False,False,True,False,False,True,False,1,0,0,0,0,0,0,0,0,0,0,0,1,0
0.1,2,1,0.07397013130199459,0.7000000000000001,65,False,False,False,True,False,False,True,False,0,0,0,0,1,0,0,0,0,0,0,0,1,0
0.30000000000000004,2,0,0.021098526611205815,0.30000000000000004,60,True,False,False,False,False,False,False,True,0,0,0,0,0,0,0,1,0,1,0,0,0,1
0.8,3,1,0.06706675353312619,0.30000000000000004,100,False,True,False,False,True,False,False,False,0,1,0,1,0,1,0,0,1,0,0,0,0,0
0.7000000000000001,1,1,0.537147940262604,1.0,100,False,False,True,False,False,False,False,True,0,0,1,0,0,0,1,0,0,1,0,0,1,0
0.8,4,1,0.3803873909992984,0.8,100,True,False,False,False,True,False,False,False,0,0,0,0,0,0,0,1,0,1,1,0,0,1
0.1,1,1,0.0017164478300090158,1.0,80,False,True,False,False,False,False,False,True,0,1,0,1,0,1,0,0,1,0,0,0,0,0
1.0,5,1,0.7445499649193146,0.2,100,True,False,False,False,False,False,True,False,0,0,0,0,0,0,0,1,0,1,1,0,0,1
0.9,5,1,0.46423022952791426,0.0,100,False,True,False,False,False,False,False,True,0,1,0,0,0,1,0,0,0,0,0,0,0,0
0.1,3,0,0.7295780294677761,0.1,35,True,False,False,False,False,False,True,False,0,0,0,0,0,0,0,1,0,1,0,0,0,0
0.6000000000000001,1,1,0.48595519695299194,0.4,100,True,False,False,False,False,False,False,True,0,0,0,0,0,0,0,1,0,1,1,0,0,1
0.8,3,1,0.7103964117470183,0.4,100,False,False,False,True,False,True,False,False,0,0,0,0,1,0,0,0,0,0,0,0,1,0
0.4,5,1,0.7110228525608902,0.1,70,False,True,False,False,True,False,False,False,0,1,0,1,0,1,0,0,0,0,0,0,0,0
0.1,2,0,0.6825448531622733,0.6000000000000001,60,False,True,False,False,False,False,True,False,0,1,0,0,0,0,0,0,1,0,0,0,0,0
0.2,2,1,0.8317505262102838,0.4,65,False,False,True,False,False,True,False,False,0,0,1,0,0,0,1,0,0,1,0,0,0,0
0.7000000000000001,1,1,0.4985090708629849,0.6000000000000001,100,False,True,False,False,False,False,False,True,0,0,0,1,0,1,0,0,1,0,0,0,0,0
0.30000000000000004,5,1,0.037736794627643566,0.8,90,True,False,False,False,False,True,False,False,0,0,0,0,0,0,0,0,0,1,1,0,0,0
0.2,3,1,0.7873609301393205,1.0,95,False,True,False,False,True,False,False,False,0,1,0,1,0,0,0,0,1,0,0,0,0,0
0.1,4,0,0.9250776786609203,0.1,40,True,False,False,False,False,False,True,False,0,0,0,0,0,0,0,1,0,1,1,0,0,0
0.0,3,1,0.5065650997293776,0.8,70,False,False,False,True,True,False,False,False,1,0,0,0,1,0,0,0,0,0,0,1,1,0
0.30000000000000004,4,1,0.8825047609501855,0.4,70,False,False,True,False,True,False,False,False,0,0,1,0,0,0,0,0,0,1,0,0,0,0
0.9,3,1,0.4527788914503358,0.5,100,False,False,False,True,False,False,False,True,1,0,0,0,1,0,0,0,0,0,0,1,1,0
0.0,4,0,0.12139170091209783,0.7000000000000001,60,False,True,False,False,False,True,False,False,0,1,0,0,0,1,0,0,1,0,0,0,0,0
0.7000000000000001,2,1,0.4446101032374462,0.0,90,False,False,False,True,True,False,False,False,0,0,0,0,0,0,0,0,0,0,0,1,1,0
0.1,2,1,0.5081938458454445,0.8,80,False,True,False,False,False,True,False,False,0,1,0,1,0,1,0,0,1,0,0,0,0,0
0.5,2,1,0.33994437205572825,0.30000000000000004,75,False,False,True,False,False,False,False,True,0,0,1,0,0,0,0,0,0,1,0,0,0,0
0.8,5,1,0.8125814373058033,0.5,100,True,False,False,False,True,False,False,False,0,0,0,0,0,0,0,1,0,1,1,0,0,1
0.1,3,0,0.3044251779091912,0.4,50,False,False,True,False,False,False,True,False,0,0,1,0,0,0,0,0,0,0,0,0,1,0
1.0,4,1,0.13404580535231037,0.0,100,False,True,False,False,False,True,False,False,0,0,0,1,0,1,0,0,0,0,0,0,0,0
0.5,2,1,0.48255988774180625,0.7000000000000001,100,False,False,True,False,True,False,False,False,0,0,1,0,0,0,1,0,0,1,0,0,1,0
0.8,2,1,0.7417435100731684,0.4,100,False,False,False,True,False,False,True,False,1,0,0,0,0,0,0,0,0,0,0,1,1,0
0.0,2,0,0.30739450736694407,0.6000000000000001,50,False,True,False,False,True,False,False,False,0,0,0,0,0,1,0,0,1,0,0,0,0,0
0.2,1,1,0.9254034278841337,0.8,80,True,False,False,False,False,True,False,False,0,0,0,0,0,0,0,1,0,0,1,0,0,0
0.2,1,1,0.9893880926130101,0.8,85,False,False,True,False,False,True,False,False,0,0,1,0,0,0,0,0,0,1,0,0,1,0
0.7000000000000001,4,1,0.2890648491530521,0.4,100,False,True,False,False,True,False,False,False,0,1,0,1,0,1,0,0,0,0,0,0,0,0
0.5,1,1,0.01889345494637673,0.4,95,False,False,True,False,False,False,True,False,0,0,1,0,0,0,1,0,0,0,0,0,1,0
0.4,4,1,0.7693069058835322,0.5,95,False,False,False,True,False,True,False,False,1,0,0,0,1,0,0,0,0,0,0,1,1,0
0.2,4,1,0.9151673849854667,0.8,80,False,False,False,True,True,False,False,False,0,0,0,0,1,0,0,0,0,0,0,1,0,0
0.9,2,1,0.6994462263205372,1.0,100,True,False,False,False,True,False,False,False,0,0,0,0,0,0,0,1,0,1,1,0,0,1
0.7000000000000001,3,1,0.14274080384885235,0.9,100,True,False,False,False,True,False,False,False,0,0,0,0,0,0,0,1,0,1,1,0,0,1
0.8,5,1,0.44967174501353113,0.1,100,True,False,False,False,False,False,False,True,0,0,0,0,0,0,0,0,0,1,1,0,0,1
0.2,2,0,0.9636413751628747,0.2,40,False,False,True,False,False,False,False,True,0,0,0,0,0,0,1,0,0,0,0,0,1,0
0.7000000000000001,4,1,0.6308509572015637,0.5,100,False,False,False,True,False,True,False,False,1,0,0,0,1,0,0,0,0,0,0,1,1,0
0.6000000000000001,2,1,0.40191189736393707,0.4,100,True,False,False,False,False,True,False,False,0,0,0,0,0,0,0,1,0,0,1,0,0,1
0.9,3,1,0.186742006615215,0.1,100,False,False,False,True,False,False,False,True,1,0,0,0,1,0,0,0,0,0,0,1,0,0
0.8,1,1,0.6372782399518895,1.0,100,False,True,False,False,False,False,True,False,0,1,0,0,0,1,0,0,0,0,0,0,0,0
0.0,2,0,0.9189886739500852,0.2,35,False,False,True,False,False,True,False,False,0,0,1,0,0,0,1,0,0,0,0,0,1,0
0.8,2,1,0.47615766262403536,0.6000000000000001,100,True,False,False,False,True,False,False,False,0,0,0,0,0,0,0,0,0,1,1,0,0,1
0.7000000000000001,1,1,0.39680014032274236,0.2,100,True,False,False,False,False,False,True,False,0,0,0,0,0,0,0,0,0,1,1,0,0,0
0.1,5,1,0.24515134810063155,1.0,85,False,True,False,False,True,False,False,False,0,0,0,1,0,1,0,0,1,0,0,0,0,0
1.0,1,1,0.5835672045705123,0.2,100,True,False,False,False,True,False,False,False,0,0,0,0,0,0,0,1,0,0,0,0,0,1
0.0,3,0,0.4653202365440514,0.1,25,True,False,False,False,True,False,False,False,0,0,0,0,0,0,0,0,0,1,0,0,0,1
0.1,4,0,0.7188283051017341,0.0,35,True,False,False,False,True,False,False,False,0,0,0,0,0,0,0,1,0,1,1,0,0,0
0.7000000000000001,4,1,0.7396136113060039,0.1,95,True,False,False,False,False,False,True,False,0,0,0,0,0,0,0,1,0,0,0,0,0,1
0.0,3,0,0.4348376265410444,0.5,45,False,True,False,False,True,False,False,False,0,0,0,1,0,0,0,0,1,0,0,0,0,0
1.0,2,1,0.6196501954495339,0.5,100,False,False,False,True,False,True,False,False,0,0,0,0,0,0,0,0,0,0,0,1,1,0
0.8,3,1,0.8636614212689186,0.8,100,False,False,True,False,False,False,True,False,0,0,1,0,0,0,1,0,0,1,0,0,1,0
0.9,5,1,0.6810915104740904,0.4,100,False,True,False,False,False,True,False,False,0,1,0,1,0,1,0,0,1,0,0,0,0,0
0.0,5,0,0.0445649994988474,0.7000000000000001,60,False,False,True,False,False,False,True,False,0,0,0,0,0,0,1,0,0,1,0,0,1,0
0.0,1,0,0.08762654104440215,0.8,50,False,True,False,False,False,False,False,True,0,1,0,1,0,0,0,0,0,0,0,0,0,0
0.2,5,0,0.10451538538638872,0.1,45,False,True,False,False,True,False,False,False,0,1,0,0,0,1,0,0,0,0,0,0,0,0
0.8,4,1,0.448694497343891,0.30000000000000004,100,True,False,False,False,False,False,False,True,0,0,0,0,0,0,0,1,0,1,1,0,0,0
0.30000000000000004,3,1,0.7877743810764759,0.7000000000000001,85,False,True,False,False,False,True,False,False,0,0,0,0,0,1,0,0,1,0,0,0,0,0
0.7000000000000001,5,1,0.10160870001002309,0.0,90,True,False,False,False,False,True,False,False,0,0,0,0,0,0,0,1,0,0,0,0,0,1
0.30000000000000004,4,0,0.3912122882630049,0.1,60,False,False,True,False,True,False,False,False,0,0,1,0,0,0,1,0,0,1,0,0,0,0
0.4,2,1,0.6296983061040393,0.7000000000000001,100,False,False,False,True,False,True,False,False,1,0,0,0,1,0,0,0,0,0,0,1,1,0
0.6000000000000001,3,1,0.1638769169088905,0.8,100,False,True,False,False,True,False,False,False,0,1,0,1,0,0,0,0,1,0,0,0,0,0
0.0,5,0,0.42383732584945377,0.1,25,False,False,True,False,False,False,True,False,0,0,1,0,0,0,1,0,0,0,0,0,0,0
1.0,3,1,0.10955196952991886,0.5,100,False,False,False,True,False,True,False,False,1,0,0,0,0,0,0,0,0,0,0,1,1,0
0.9,4,1,0.7411170692592965,0.1,100,True,False,False,False,False,False,True,False,0,0,0,0,0,0,0,1,0,1,1,0,0,1
0.0,3,1,0.33767665630951194,0.9,75,True,False,False,False,False,True,False,False,0,0,0,0,0,0,0,1,0,1,1,0,0,1
0.30000000000000004,1,0,0.5371604690788816,0.30000000000000004,55,True,False,False,False,False,False,False,True,0,0,0,0,0,0,0,0,0,1,0,0,0,1
0.7000000000000001,2,1,0.8119424676756541,0.2,90,False,False,True,False,False,False,False,True,0,0,1,0,0,0,0,0,0,1,0,0,0,0
0.2,5,1,0.9663977147439111,0.5,70,False,True,False,False,False,True,False,False,0,1,0,1,0,0,0,0,1,0,0,0,0,0
0.2,4,0,0.7034178610804851,0.1,45,False,False,False,True,False,False,False,True,1,0,0,0,1,0,0,0,0,0,0,1,1,0
1.0,2,1,0.6590658514583543,0.8,100,False,False,True,False,False,False,False,True,0,0,1,0,0,0,0,0,0,1,0,0,1,0
0.2,3,1,0.5252956800641475,0.7000000000000001,75,False,False,True,False,False,False,False,True,0,0,1,0,0,0,1,0,0,1,0,0,1,0
0.6000000000000001,4,1,0.26997093314623644,0.4,100,False,True,False,False,False,True,False,False,0,0,0,1,0,0,0,0,1,0,0,0,0,0
0.2,5,1,0.41985316227322844,0.9,85,True,False,False,False,False,True,False,False,0,0,0,0,0,0,0,0,0,1,0,0,0,1
0.2,1,0,0.8032224115465572,0.30000000000000004,60,False,True,False,False,True,False,False,False,0,1,0,0,0,1,0,0,1,0,0,0,0,0
0.6000000000000001,2,1,0.12914703818783202,0.5,100,False,False,True,False,False,False,False,True,0,0,0,0,0,0,1,0,0,1,0,0,1,0
0.4,1,1,0.7278741104540443,0.8,100,False,False,False,True,False,False,False,True,1,0,0,0,1,0,0,0,0,0,0,1,1,0
0.9,4,1,0.9734764959406637,0.30000000000000004,100,True,False,False,False,False,True,False,False,0,0,0,0,0,0,0,1,0,1,1,0,0,1
0.2,1,1,0.5537360930139321,0.6000000000000001,70,False,False,True,False,False,False,False,True,0,0,1,0,0,0,1,0,0,1,0,0,1,0
0.2,1,0,0.8526987070261602,0.2,60,False,True,False,False,False,True,False,False,0,1,0,1,0,1,0,0,1,0,0,0,0,0
0.8,4,1,0.8018692993885939,0.4,100,False,True,False,False,False,False,True,False,0,1,0,1,0,1,0,0,1,0,0,0,0,0
0.6000000000000001,2,1,0.506778089606094,0.6000000000000001,100,False,False,True,False,False,False,True,False,0,0,1,0,0,0,0,0,0,0,0,0,1,0
0.1,3,1,0.604690788814273,1.0,75,True,False,False,False,False,False,False,True,0,0,0,0,0,0,0,0,0,1,1,0,0,1
1.0,3,1,0.3948581737997394,0.9,100,False,True,False,False,False,False,True,False,0,0,0,1,0,1,0,0,0,0,0,0,0,0
0.5,5,1,0.6874436203267515,1.0,100,False,False,False,True,False,True,False,False,1,0,0,0,1,0,0,0,0,0,0,1,1,0
0.2,5,1,0.41173448932544854,1.0,100,True,False,False,False,False,True,False,False,0,0,0,0,0,0,0,1,0,1,1,0,0,1
0.8,1,1,0.622970331763055,1.0,100,True,False,False,False,False,False,True,False,0,0,0,0,0,0,0,1,0,1,0,0,0,0
0.6000000000000001,1,1,0.15960459055828413,0.9,100,False,False,True,False,True,False,False,False,0,0,0,0,0,0,1,0,0,1,0,0,1,0
0.1,4,1,0.6058434399117971,1.0,75,False,False,False,True,False,False,False,True,1,0,0,0,0,0,0,0,0,0,0,1,1,0
0.4,1,1,0.9332464668738099,0.8,100,False,False,True,False,False,False,True,False,0,0,0,0,0,0,1,0,0,1,0,0,1,0
0.1,4,1,0.9079758444422172,0.7000000000000001,65,False,False,True,False,False,True,False,False,0,0,0,0,0,0,0,0,0,1,0,0,1,0
0.6000000000000001,2,1,0.8312619023754637,0.0,80,False,False,True,False,True,False,False,False,0,0,1,0,0,0,0,0,0,0,0,0,1,0
0.30000000000000004,2,1,0.29375062644081396,0.8,80,False,False,False,True,False,False,False,True,0,0,0,0,1,0,0,0,0,0,0,0,1,0
0.0,2,0,0.5331011326049915,0.7000000000000001,50,False,True,False,False,False,False,False,True,0,1,0,1,0,0,0,0,1,0,0,0,0,0
0.6000000000000001,1,1,0.7444246767565401,0.8,100,False,False,True,False,False,False,True,False,0,0,1,0,0,0,1,0,0,1,0,0,1,0
0.1,5,0,0.1528891450335773,0.1,45,False,False,True,False,False,True,False,False,0,0,1,0,0,0,1,0,0,1,0,0,1,0
0.5,3,1,0.8316502956800642,0.5,95,False,False,False,True,False,False,True,False,1,0,0,0,0,0,0,0,0,0,0,0,1,0
1.0,3,1,0.7131527513280547,0.5,100,False,True,False,False,False,False,True,False,0,1,0,1,0,1,0,0,1,0,0,0,0,0
0.1,4,1,0.4793399819585046,1.0,85,False,True,False,False,True,False,False,False,0,1,0,1,0,1,0,0,0,0,0,0,0,0
0.2,1,0,0.23849854665731185,0.4,60,False,True,False,False,False,False,False,True,0,1,0,1,0,1,0,0,1,0,0,0,0,0
0.2,2,1,0.19157812969830612,0.7000000000000001,80,False,False,True,False,False,True,False,False,0,0,1,0,0,0,1,0,0,1,0,0,0,0
0.9,3,1,0.7668637867094317,0.0,100,True,False,False,False,True,False,False,False,0,0,0,0,0,0,0,1,0,1,0,0,0,1
0.0,2,1,0.17056730480104243,0.8,70,False,False,False,True,True,False,False,False,1,0,0,0,1,0,0,0,0,0,0,1,1,0
0.5,4,1,0.9370802846547059,0.8,100,False,False,True,False,False,False,True,False,0,0,1,0,0,0,0,0,0,0,0,0,1,0
0.5,3,1,0.7776009822591963,0.30000000000000004,95,False,True,False,False,False,True,False,False,0,1,0,1,0,1,0,0,1,0,0,0,0,0
0.5,2,1,0.41938959607096327,1.0,100,False,False,True,False,False,False,False,True,0,0,1,0,0,0,0,0,0,1,0,0,0,0
0.8,2,1,0.6656434800040092,0.2,100,False,True,False,False,False,True,False,False,0,0,0,1,0,1,0,0,0,0,0,0,0,0
0.30000000000000004,5,1,0.7349528916507968,0.4,75,False,False,False,True,False,True,False,False,1,0,0,0,1,0,0,0,0,0,0,0,1,0
0.30000000000000004,4,1,0.04920066152149949,1.0,100,False,False,True,False,True,False,False,False,0,0,1,0,0,0,0,0,0,1,0,0,0,0
0.9,2,1,0.6718201864287863,0.0,100,False,False,True,False,False,False,False,True,0,0,1,0,0,0,1,0,0,1,0,0,0,0
0.4,4,1,0.1583266512979854,0.9,100,False,True,False,False,False,False,False,True,0,1,0,1,0,1,0,0,0,0,0,0,0,0
0.7000000000000001,2,1,0.32133907988373267,0.0,95,False,False,False,True,True,False,False,False,1,0,0,0,0,0,0,0,0,0,0,1,1,0
0.0,5,0,0.2770873007918212,0.5,55,False,True,False,False,True,False,False,False,0,1,0,1,0,1,0,0,1,0,0,0,0,0
0.7000000000000001,3,1,0.9420416959005713,0.5,100,False,False,False,True,True,False,False,False,0,0,0,0,1,0,0,0,0,0,0,0,1,0
0.1,2,1,0.26975794326951996,0.9,85,False,False,True,False,True,False,False,False,0,0,1,0,0,0,1,0,0,1,0,0,1,0
0.5,5,1,0.4926330560288664,0.4,90,True,False,False,False,True,False,False,False,0,0,0,0,0,0,0,0,0,0,1,0,0,1
0.2,1,0,0.18384785005512683,0.1,50,False,True,False,False,True,False,False,False,0,1,0,0,0,1,0,0,1,0,0,0,0,0
0.7000000000000001,3,1,0.6494562493735592,0.0,90,False,True,False,False,False,True,False,False,0,0,0,1,0,1,0,0,0,0,0,0,0,0
1.0,1,1,0.3640874010223515,0.4,100,False,False,False,True,False,True,False,False,1,0,0,0,1,0,0,0,0,0,0,1,1,0
0.2,4,1,0.31230580334769975,0.6000000000000001,70,True,False,False,False,True,False,False,False,0,0,0,0,0,0,0,0,0,0,1,0,0,1
0.7000000000000001,4,1,0.06506214292873613,0.8,100,False,False,False,True,True,False,False,False,1,0,0,0,0,0,0,0,0,0,0,0,1,0
0.4,2,0,0.44439711336072973,0.0,60,False,True,False,False,False,False,False,True,0,1,0,1,0,1,0,0,1,0,0,0,0,0
0.0,2,0,0.6299112959807558,0.8,60,False,False,True,False,True,False,False,False,0,0,0,0,0,0,1,0,0,0,0,0,1,0
0.0,1,0,0.6147013130199459,0.8,50,False,False,False,True,False,False,False,True,1,0,0,0,1,0,0,0,0,0,0,0,0,0
0.8,4,1,0.7549864688784205,0.0,100,False,False,True,False,True,False,False,False,0,0,1,0,0,0,1,0,0,1,0,0,1,0
0.7000000000000001,1,1,0.2806705422471686,0.8,100,True,False,False,False,False,False,True,False,0,0,0,0,0,0,0,1,0,1,0,0,0,1
0.30000000000000004,4,1,0.18953593264508373,0.9,85,False,True,False,False,False,False,False,True,0,1,0,0,0,0,0,0,1,0,0,0,0,0
0.1,3,1,0.4999749423674451,1.0,90,False,False,True,False,False,True,False,False,0,0,1,0,0,0,1,0,0,1,0,0,1,0
0.6000000000000001,4,1,0.621567104339982,1.0,100,False,True,False,False,False,False,True,False,0,1,0,1,0,1,0,0,1,0,0,0,0,0
0.0,4,1,0.7823243459957905,0.7000000000000001,65,False,True,False,False,False,False,True,False,0,1,0,1,0,1,0,0,1,0,0,0,0,0
0.30000000000000004,1,1,0.7040568307106345,0.9,90,False,False,False,True,False,False,False,True,0,0,0,0,1,0,0,0,0,0,0,1,1,0
0.1,4,0,0.8584870201463366,0.30000000000000004,45,False,False,True,False,True,False,False,False,0,0,0,0,0,0,1,0,0,1,0,0,0,0
0.2,3,1,0.9472035682068758,0.7000000000000001,65,False,True,False,False,False,False,False,True,0,0,0,1,0,1,0,0,0,0,0,0,0,0
0.1,3,0,0.31487421068457455,0.6000000000000001,60,False,True,False,False,True,False,False,False,0,0,0,1,0,0,0,0,1,0,0,0,0,0
0.0,3,0,0.6767314824095421,0.0,20,False,False,False,True,False,False,False,True,1,0,0,0,1,0,0,0,0,0,0,1,1,0
0.9,5,1,0.06211787110353817,0.5,100,False,False,True,False,False,False,False,True,0,0,1,0,0,0,1,0,0,1,0,0,1,0
0.0,2,0,0.9594066352611006,0.30000000000000004,40,False,False,True,False,False,False,True,False,0,0,1,0,0,0,1,0,0,1,0,0,0,0
0.8,1,1,0.41416507968327154,0.9,100,True,False,False,False,False,True,False,False,0,0,0,0,0,0,0,0,0,0,1,0,0,1
0.7000000000000001,1,1,0.44379573017941265,0.7000000000000001,100,True,False,False,False,False,False,True,False,0,0,0,0,0,0,0,1,0,1,1,0,0,1
0.0,5,1,0.5247694697804952,1.0,70,True,False,False,False,False,True,False,False,0,0,0,0,0,0,0,1,0,1,0,0,0,0
0.4,4,1,0.24259546958003408,0.9,100,False,False,False,True,False,False,True,False,1,0,0,0,1,0,0,0,0,0,0,1,1,0
0.6000000000000001,3,1,0.2246542046707427,0.2,85,False,False,True,False,False,False,False,True,0,0,1,0,0,0,1,0,0,0,0,0,1,0
0.0,2,0,0.7213340683572216,0.4,30,False,True,False,False,False,False,False,True,0,0,0,1,0,0,0,0,1,0,0,0,0,0
0.2,3,0,0.45425729177107355,0.4,60,False,True,False,False,True,False,False,False,0,0,0,1,0,1,0,0,0,0,0,0,0,0
0.7000000000000001,2,1,0.7895284153553173,0.2,100,False,True,False,False,True,False,False,False,0,1,0,1,0,1,0,0,1,0,0,0,0,0
0.30000000000000004,1,1,0.014871704921319062,0.6000000000000001,70,False,False,False,True,False,False,False,True,0,0,0,0,1,0,0,0,0,0,0,0,1,0
0.1,1,0,0.0012654104440212866,0.1,45,True,False,False,False,True,False,False,False,0,0,0,0,0,0,0,1,0,1,1,0,0,1
0.4,3,1,0.5357697704720858,0.5,90,False,False,False,True,False,True,False,False,0,0,0,0,1,0,0,0,0,0,0,1,1,0
0.5,3,1,0.5263105141826201,0.9,100,True,False,False,False,False,True,False,False,0,0,0,0,0,0,0,0,0,0,1,0,0,1
0.2,1,0,0.2561892352410545,0.2,45,False,True,False,False,False,False,False,True,0,1,0,1,0,1,0,0,0,0,0,0,0,0
0.5,2,1,0.19305653001904388,0.8,100,True,False,False,False,False,False,False,True,0,0,0,0,0,0,0,1,0,1,0,0,0,0
0.6000000000000001,4,1,0.17413801744011226,0.7000000000000001,100,False,False,True,False,False,True,False,False,0,0,1,0,0,0,0,0,0,1,0,0,0,0
1.0,2,1,0.6435050616417761,0.5,100,False,True,False,False,False,False,False,True,0,0,0,1,0,1,0,0,1,0,0,0,0,0
0.7000000000000001,5,1,0.7531071464368047,0.6000000000000001,100,False,False,False,True,False,False,False,True,1,0,0,0,1,0,0,0,0,0,0,1,0,0
0.30000000000000004,1,0,0.9873458955597876,0.0,45,False,False,False,True,False,False,False,True,0,0,0,0,1,0,0,0,0,0,0,1,1,0
0.4,5,1,0.07076275433497048,0.9,100,True,False,False,False,False,False,True,False,0,0,0,0,0,0,0,1,0,1,1,0,0,0
1.0,3,1,0.1381677859075875,0.0,100,False,False,False,True,False,False,True,False,1,0,0,0,1,0,0,0,0,0,0,1,1,0
0.30000000000000004,1,1,0.44120226520998307,0.5,80,False,True,False,False,True,False,False,False,0,1,0,1,0,1,0,0,0,0,0,0,0,0
0.1,3,0,0.21662323343690493,0.2,45,False,True,False,False,False,False,True,False,0,0,0,1,0,1,0,0,1,0,0,0,0,0
0.8,1,1,0.38829307407036184,0.7000000000000001,100,False,False,False,True,False,True,False,False,1,0,0,0,0,0,0,0,0,0,0,1,0,0
0.0,1,1,0.7254435200962215,1.0,75,False,False,True,False,False,True,False,False,0,0,1,0,0,0,1,0,0,1,0,0,0,0
0.8,1,1,0.9781497444121481,1.0,100,False,False,True,False,False,True,False,False,0,0,0,0,0,0,0,0,0,1,0,0,1,0
0.2,2,1,0.3715545755237045,1.0,100,False,False,True,False,False,False,True,False,0,0,1,0,0,0,1,0,0,1,0,0,1,0
1.0,3,1,0.4732760348802246,0.1,100,True,False,False,False,True,False,False,False,0,0,0,0,0,0,0,1,0,1,1,0,0,1
0.30000000000000004,3,1,0.9035281146637266,0.6000000000000001,85,True,False,False,False,True,False,False,False,0,0,0,0,0,0,0,1,0,0,1,0,0,1
0.8,2,1,0.5093089104941366,0.2,100,True,False,False,False,True,False,False,False,0,0,0,0,0,0,0,1,0,0,1,0,0,1
0.4,2,1,0.6780219504861182,0.4,80,True,False,False,False,False,False,False,True,0,0,0,0,0,0,0,1,0,1,1,0,0,1
0.6000000000000001,2,1,0.9372181016337577,0.7000000000000001,100,False,False,False,True,False,False,True,False,1,0,0,0,0,0,0,0,0,0,0,1,0,0
1.0,1,1,0.8517715746216299,0.1,100,False,True,False,False,False,True,False,False,0,0,0,1,0,1,0,0,1,0,0,0,0,0
0.1,2,0,0.2585070662523805,0.1,40,True,False,False,False,True,False,False,False,0,0,0,0,0,0,0,1,0,0,1,0,0,1
1.0,3,1,0.6886463866893857,0.2,100,False,False,False,True,False,True,False,False,1,0,0,0,1,0,0,0,0,0,0,0,1,0
1.0,4,1,0.5651373158264008,0.2,100,True,False,False,False,False,False,True,False,0,0,0,0,0,0,0,1,0,1,1,0,0,0
0.1,5,0,0.551844241756039,0.30000000000000004,55,False,False,True,False,True,False,False,False,0,0,1,0,0,0,1,0,0,1,0,0,1,0
0.8,4,1,0.3086724466272427,0.1,95,True,False,False,False,False,False,False,True,0,0,0,0,0,0,0,1,0,0,0,0,0,1
0.9,3,1,0.8493284554475293,0.5,100,True,False,False,False,False,False,False,True,0,0,0,0,0,0,0,1,0,1,0,0,0,0
0.9,2,1,0.45193946075974745,0.8,100,False,False,False,True,False,True,False,False,1,0,0,0,1,0,0,0,0,0,0,1,0,0
0.6000000000000001,5,1,0.08339180114262812,0.1,80,False,False,True,False,False,False,False,True,0,0,0,0,0,0,1,0,0,1,0,0,1,0
0.8,2,1,0.31647789916808666,0.8,100,True,False,False,False,True,False,False,False,0,0,0,0,0,0,0,1,0,1,1,0,0,1
0.30000000000000004,2,0,0.6218176806655309,0.1,55,False,False,False,True,False,True,False,False,0,0,0,0,1,0,0,0,0,0,0,0,1,0
0.30000000000000004,3,0,0.6742382479703319,0.0,60,False,False,True,False,True,False,False,False,0,0,1,0,0,0,1,0,0,1,0,0,1,0
0.1,5,1,0.6962388493535132,0.9,65,False,True,False,False,False,False,False,True,0,0,0,1,0,1,0,0,0,0,0,0,0,0
0.1,4,0,0.492620527212589,0.4,55,False,False,True,False,False,True,False,False,0,0,1,0,0,0,1,0,0,1,0,0,0,0
0.5,2,1,0.20069910794828105,0.6000000000000001,100,True,False,False,False,False,False,False,True,0,0,0,0,0,0,0,1,0,1,1,0,0,1
0.5,4,1,0.2472687180515185,0.5,100,False,True,False,False,True,False,False,False,0,1,0,1,0,1,0,0,0,0,0,0,0,0
0.6000000000000001,1,1,0.7822115866492934,0.7000000000000001,100,False,True,False,False,False,False,False,True,0,1,0,1,0,1,0,0,1,0,0,0,0,0
1.0,2,1,0.2702966823694498,1.0,100,False,True,False,False,False,False,True,False,0,1,0,1,0,1,0,0,1,0,0,0,0,0
0.0,3,0,0.9354014232735293,0.6000000000000001,55,False,False,True,False,False,True,False,False,0,0,1,0,0,0,1,0,0,1,0,0,0,0
0.30000000000000004,4,1,0.8006915906585146,0.9,90,False,True,False,False,False,False,False,True,0,1,0,1,0,1,0,0,0,0,0,0,0,0
0.1,1,1,0.8198732083792724,0.9,80,False,False,False,True,False,False,True,False,0,0,0,0,1,0,0,0,0,0,0,1,1,0
0.8,4,1,0.7790668537636565,0.6000000000000001,100,True,False,False,False,False,True,False,False,0,0,0,0,0,0,0,1,0,0,1,0,0,1
0.4,4,1,0.40267615515686084,0.6000000000000001,95,True,False,False,False,True,False,False,False,0,0,0,0,0,0,0,1,0,1,0,0,0,1
0.30000000000000004,4,1,0.7232384484313923,0.6000000000000001,70,False,True,False,False,False,False,False,True,0,0,0,0,0,1,0,0,1,0,0,0,0,0
0.0,5,1,0.9856545053623333,0.9,65,False,False,True,False,False,True,False,False,0,0,0,0,0,0,0,0,0,1,0,0,1,0
0.5,4,1,0.7690939160068158,0.0,70,False,False,True,False,False,False,True,False,0,0,1,0,0,0,0,0,0,0,0,0,1,0
0.4,5,0,0.5884283852861583,0.0,50,False,True,False,False,False,False,False,True,0,1,0,0,0,0,0,0,1,0,0,0,0,0
0.4,4,1,0.1669715345294177,0.0,65,False,False,False,True,False,False,True,False,1,0,0,0,1,0,0,0,0,0,0,1,0,0
0.1,4,1,0.3083216397714744,0.9,80,True,False,False,False,True,False,False,False,0,0,0,0,0,0,0,1,0,0,1,0,0,1
0.5,1,1,0.5693219404630652,0.1,75,False,False,False,True,False,True,False,False,1,0,0,0,0,0,0,0,0,0,0,1,0,0
0.7000000000000001,5,1,0.19834369048812273,0.6000000000000001,100,False,False,False,True,False,True,False,False,1,0,0,0,1,0,0,0,0,0,0,1,1,0
0.1,4,0,0.5797083291570613,0.4,60,False,False,True,False,True,False,False,False,0,0,1,0,0,0,1,0,0,1,0,0,1,0
0.5,2,1,0.9029517891149645,0.0,70,False,False,True,False,False,False,False,True,0,0,1,0,0,0,1,0,0,1,0,0,1,0
0.2,4,1,0.22994136513982166,0.6000000000000001,80,False,False,True,False,True,False,False,False,0,0,1,0,0,0,1,0,0,1,0,0,1,0
0.1,2,1,0.3160769770472086,0.7000000000000001,70,False,True,False,False,False,False,True,False,0,1,0,1,0,1,0,0,0,0,0,0,0,0
0.6000000000000001,4,1,0.24329708329157063,0.1,80,False,True,False,False,False,False,False,True,0,1,0,0,0,1,0,0,1,0,0,0,0,0
0.2,2,1,0.5499398616818683,0.5,65,False,False,True,False,True,False,False,False,0,0,1,0,0,0,0,0,0,1,0,0,0,0
0.8,1,1,0.8592512779392605,0.0,100,True,False,False,False,False,True,False,False,0,0,0,0,0,0,0,1,0,1,1,0,0,1
0.7000000000000001,2,1,0.23774681768066552,0.6000000000000001,100,False,False,False,True,True,False,False,False,1,0,0,0,1,0,0,0,0,0,0,1,1,0
0.30000000000000004,2,1,0.02262704219705325,0.4,70,False,False,False,True,False,True,False,False,1,0,0,0,0,0,0,0,0,0,0,0,1,0
0.4,1,1,0.27370452039691295,0.8,100,True,False,False,False,False,False,False,True,0,0,0,0,0,0,0,1,0,1,1,0,0,1
0.7000000000000001,4,1,0.5179036784604591,1.0,100,False,True,False,False,False,True,False,False,0,1,0,1,0,1,0,0,0,0,0,0,0,0
0.5,5,1,0.43382279242257193,0.8,100,False,False,False,True,False,False,False,True,0,0,0,0,1,0,0,0,0,0,0,1,0,0
0.5,3,1,0.26251628746116074,0.9,100,False,True,False,False,False,False,True,False,0,0,0,0,0,1,0,0,1,0,0,0,0,0
1.0,5,1,0.19583792723263516,0.0,100,False,False,True,False,True,False,False,False,0,0,0,0,0,0,1,0,0,1,0,0,1,0
0.4,2,1,0.15795078680966224,1.0,100,True,False,False,False,False,False,True,False,0,0,0,0,0,0,0,1,0,0,1,0,0,0
0.2,2,1,0.7572291269920819,0.5,65,False,True,False,False,False,True,False,False,0,1,0,1,0,0,0,0,0,0,0,0,0,0
0.7000000000000001,3,1,0.12305803347699718,0.4,100,False,False,False,True,True,False,False,False,1,0,0,0,0,0,0,0,0,0,0,1,1,0
0.30000000000000004,5,1,0.3890573318632856,0.8,100,False,False,False,True,False,True,False,False,1,0,0,0,1,0,0,0,0,0,0,1,1,0
0.5,1,1,0.6726095018542648,0.7000000000000001,100,False,True,False,False,False,False,False,True,0,1,0,1,0,1,0,0,1,0,0,0,0,0
0.7000000000000001,3,1,0.8112533827803949,0.5,100,False,False,True,False,False,True,False,False,0,0,1,0,0,0,0,0,0,1,0,0,1,0
0.0,5,0,0.09221208780194456,0.2,35,False,False,False,True,False,True,False,False,1,0,0,0,1,0,0,0,0,0,0,1,0,0
0.30000000000000004,5,1,0.47368948581738,1.0,100,False,False,True,False,False,False,True,False,0,0,1,0,0,0,1,0,0,1,0,0,1,0
0.9,2,1,0.4952014633657412,0.1,100,False,False,False,True,True,False,False,False,0,0,0,0,1,0,0,0,0,0,0,1,0,0
0.6000000000000001,4,1,0.5391525508669941,0.30000000000000004,95,False,False,False,True,True,False,False,False,1,0,0,0,0,0,0,0,0,0,0,0,1,0
0.9,4,1,0.82237897163476,1.0,100,False,False,True,False,False,False,True,False,0,0,1,0,0,0,1,0,0,1,0,0,0,0
0.5,4,1,0.008156259396612242,0.6000000000000001,90,False,True,False,False,False,False,False,True,0,1,0,0,0,0,0,0,1,0,0,0,0,0
0.7000000000000001,4,1,0.4913551167685678,0.6000000000000001,100,False,False,True,False,False,False,True,False,0,0,1,0,0,0,1,0,0,0,0,0,1,0
0.4,2,1,0.0860103237446127,0.7000000000000001,95,False,False,False,True,False,False,False,True,1,0,0,0,1,0,0,0,0,0,0,1,1,0
0.4,5,1,0.6602185025558787,0.0,65,False,False,False,True,True,False,False,False,0,0,0,0,1,0,0,0,0,0,0,1,1,0
1.0,1,1,0.4434198656910896,0.6000000000000001,100,False,False,False,True,False,True,False,False,0,0,0,0,1,0,0,0,0,0,0,1,0,0
1.0,4,1,0.6916533025959708,0.0,100,True,False,False,False,False,False,False,True,0,0,0,0,0,0,0,1,0,1,0,0,0,1
0.8,1,1,0.0009647188533628004,0.7000000000000001,100,False,False,True,False,False,False,False,True,0,0,0,0,0,0,1,0,0,1,0,0,0,0
0.6000000000000001,2,1,0.943432394507367,0.4,100,False,False,False,True,False,True,False,False,0,0,0,0,1,0,0,0,0,0,0,1,1,0
0.0,3,0,0.517841034379072,0.0,15,False,False,False,True,False,False,False,True,0,0,0,0,1,0,0,0,0,0,0,1,1,0
1.0,1,1,0.6529016738498548,0.5,100,False,True,False,False,False,False,True,False,0,1,0,1,0,0,0,0,1,0,0,0,0,0
0.8,1,1,0.7559887741806155,0.0,100,False,False,True,False,False,True,False,False,0,0,1,0,0,0,1,0,0,1,0,0,0,0
0.5,4,1,0.1138994687781899,0.8,100,False,False,False,True,False,False,False,True,0,0,0,0,1,0,0,0,0,0,0,1,1,0
0.30000000000000004,1,1,0.2893404831111557,0.9,100,False,False,False,True,False,False,True,False,1,0,0,0,1,0,0,0,0,0,0,1,1,0
0.8,2,1,0.5481106545053624,0.8,100,False,False,False,True,True,False,False,False,0,0,0,0,1,0,0,0,0,0,0,0,1,0
0.0,3,1,0.9960158364237748,0.8,70,True,False,False,False,False,False,True,False,0,0,0,0,0,0,0,1,0,1,1,0,0,1
0.6000000000000001,4,1,0.5011526510975244,1.0,100,False,True,False,False,False,True,False,False,0,1,0,1,0,1,0,0,1,0,0,0,0,0
0.6000000000000001,5,1,0.5630951187731783,0.9,100,False,True,False,False,False,False,False,True,0,0,0,0,0,1,0,0,1,0,0,0,0,0
0.4,2,1,0.8129197153452943,0.8,100,False,False,False,True,False,True,False,False,1,0,0,0,1,0,0,0,0,0,0,0,0,0
0.6000000000000001,2,1,0.6057306805653002,0.4,100,True,False,False,False,False,False,True,False,0,0,0,0,0,0,0,1,0,1,0,0,0,1
0.9,4,1,0.34148541645785313,0.8,100,True,False,False,False,False,True,False,False,0,0,0,0,0,0,0,1,0,0,1,0,0,1
0.1,3,1,0.7767866092011628,0.6000000000000001,65,False,True,False,False,False,False,True,False,0,0,0,1,0,1,0,0,1,0,0,0,0,0
0.8,1,1,0.9628270021048413,1.0,100,True,False,False,False,True,False,False,False,0,0,0,0,0,0,0,0,0,1,1,0,0,0
0.0,3,0,0.8703267515285156,0.30000000000000004,35,False,False,False,True,False,True,False,False,1,0,0,0,1,0,0,0,0,0,0,0,0,0
1.0,3,1,0.3936428786208279,0.6000000000000001,100,False,True,False,False,True,False,False,False,0,0,0,1,0,0,0,0,1,0,0,0,0,0
0.4,4,1,0.27152450636463876,0.2,80,True,False,False,False,True,False,False,False,0,0,0,0,0,0,0,1,0,1,1,0,0,1
0.5,1,1,0.43790718652901683,1.0,100,True,False,False,False,False,False,True,False,0,0,0,0,0,0,0,1,0,1,1,0,0,1
0.30000000000000004,5,1,0.8153878921519495,0.5,75,False,True,False,False,False,False,False,True,0,1,0,1,0,1,0,0,1,0,0,0,0,0
0.2,4,1,0.27776385687080285,0.7000000000000001,80,False,False,False,True,False,False,True,False,1,0,0,0,1,0,0,0,0,0,0,0,1,0
0.4,1,1,0.4027763856870803,0.9,100,True,False,False,False,True,False,False,False,0,0,0,0,0,0,0,0,0,1,1,0,0,0
0.8,5,1,0.05886037887140427,1.0,100,True,False,False,False,True,False,False,False,0,0,0,0,0,0,0,1,0,1,1,0,0,1
0.1,5,0,0.5522201062443621,0.6000000000000001,60,False,False,True,False,False,False,False,True,0,0,1,0,0,0,1,0,0,1,0,0,1,0
0.0,4,0,0.007955798336173214,0.2,35,True,False,False,False,False,False,True,False,0,0,0,0,0,0,0,1,0,1,0,0,0,1
0.9,2,1,0.9346622231131603,0.0,100,False,False,True,False,False,False,False,True,0,0,1,0,0,0,1,0,0,0,0,0,1,0
0.2,4,1,0.8539891751027364,0.6000000000000001,80,False,False,True,False,False,False,True,False,0,0,1,0,0,0,1,0,0,1,0,0,1,0
1.0,4,1,0.6188859376566103,0.5,100,False,False,True,False,False,False,True,False,0,0,0,0,0,0,1,0,0,1,0,0,0,0
0.1,2,0,0.23090608399318435,0.6000000000000001,55,False,False,True,False,False,False,False,True,0,0,1,0,0,0,1,0,0,0,0,0,1,0
0.8,4,1,0.44102686178209893,1.0,100,False,False,True,False,False,True,False,False,0,0,0,0,0,0,0,0,0,1,0,0,1,0
1.0,3,1,0.21055928635862486,0.0,100,False,True,False,False,False,False,True,False,0,1,0,1,0,1,0,0,1,0,0,0,0,0
0.1,1,0,0.8109401623734591,0.1,35,False,False,True,False,False,True,False,False,0,0,0,0,0,0,1,0,0,0,0,0,1,0
0.0,4,0,0.9613235441515486,0.5,50,False,False,True,False,False,False,True,False,0,0,0,0,0,0,1,0,0,1,0,0,1,0
0.2,2,1,0.24195649994988477,1.0,100,False,True,False,False,True,False,False,False,0,1,0,1,0,1,0,0,1,0,0,0,0,0
1.0,4,1,0.450122782399519,0.1,100,False,False,False,True,False,True,False,False,1,0,0,0,1,0,0,0,0,0,0,1,0,0
0.5,3,1,0.9176856770572317,0.8,100,False,True,False,False,False,False,True,False,0,1,0,0,0,1,0,0,1,0,0,0,0,0
1.0,4,1,0.7998396311516489,0.9,100,False,False,False,True,False,True,False,False,1,0,0,0,1,0,0,0,0,0,0,1,1,0
0.8,1,1,0.37186779593064057,0.1,95,False,True,False,False,False,False,False,True,0,0,0,1,0,0,0,0,1,0,0,0,0,0
0.6000000000000001,2,1,0.5435626941966523,0.2,90,False,True,False,False,False,True,False,False,0,0,0,1,0,1,0,0,0,0,0,0,0,0
1.0,4,1,0.2916332564899269,0.6000000000000001,100,True,False,False,False,False,False,False,True,0,0,0,0,0,0,0,1,0,1,0,0,0,1
0.1,3,1,0.11551568607797935,0.9,85,False,False,False,True,False,False,True,False,1,0,0,0,1,0,0,0,0,0,0,1,1,0
0.30000000000000004,5,1,0.8058534629648191,0.9,95,False,False,True,False,False,False,False,True,0,0,1,0,0,0,1,0,0,1,0,0,1,0
0.0,5,1,0.6035256089004712,0.9,70,True,False,False,False,False,False,True,False,0,0,0,0,0,0,0,1,0,1,1,0,0,0
1.0,1,1,0.9707452139921822,0.8,100,False,False,False,True,False,False,True,False,1,0,0,0,1,0,0,0,0,0,0,1,0,0
0.2,5,1,0.826237847048211,1.0,95,False,False,True,False,False,True,False,False,0,0,1,0,0,0,1,0,0,0,0,0,1,0
0.6000000000000001,2,1,0.9571514483311618,0.8,100,False,False,True,False,False,True,False,False,0,0,0,0,0,0,1,0,0,1,0,0,1,0
0.6000000000000001,2,1,0.9889370552270222,0.0,90,False,False,False,True,False,True,False,False,1,0,0,0,1,0,0,0,0,0,0,1,1,0
0.30000000000000004,1,1,0.49921068457452145,0.9,100,False,False,True,False,True,False,False,False,0,0,1,0,0,0,1,0,0,1,0,0,0,0
0.7000000000000001,2,1,0.2698581737997394,0.1,100,False,True,False,False,True,False,False,False,0,1,0,1,0,1,0,0,1,0,0,0,0,0
0.8,3,1,0.9392352410544254,0.2,100,False,False,False,True,False,True,False,False,0,0,0,0,1,0,0,0,0,0,0,0,1,0
0.8,3,1,0.2695700110253584,0.7000000000000001,100,False,False,False,True,False,False,True,False,1,0,0,0,1,0,0,0,0,0,0,1,1,0
0.30000000000000004,2,0,0.34240002004610615,0.0,60,False,False,False,True,False,True,False,False,1,0,0,0,1,0,0,0,0,0,0,1,1,0
0.9,5,1,0.9010724666733487,1.0,100,True,False,False,False,True,False,False,False,0,0,0,0,0,0,0,1,0,1,1,0,0,1
0.5,4,1,0.16302495740202472,0.0,80,True,False,False,False,True,False,False,False,0,0,0,0,0,0,0,1,0,1,1,0,0,1
0.7000000000000001,2,1,0.18125438508569713,0.2,100,False,False,True,False,False,False,False,True,0,0,1,0,0,0,1,0,0,1,0,0,1,0
0.4,3,0,0.9546080986268417,0.0,50,False,True,False,False,False,False,False,True,0,0,0,0,0,1,0,0,1,0,0,0,0,0
0.1,3,0,0.980091710935151,0.4,55,False,False,False,True,False,True,False,False,1,0,0,0,0,0,0,0,0,0,0,1,1,0
0.0,5,0,0.2941264909291371,0.5,45,False,True,False,False,False,True,False,False,0,0,0,1,0,0,0,0,1,0,0,0,0,0
0.7000000000000001,1,1,0.43056530019043804,0.9,100,True,False,False,False,False,True,False,False,0,0,0,0,0,0,0,1,0,1,0,0,0,1
0.5,2,1,0.6451839230229528,0.4,90,False,False,True,False,False,False,True,False,0,0,0,0,0,0,1,0,0,1,0,0,0,0
0.9,5,1,0.2477072266212289,0.2,100,True,False,False,False,False,False,True,False,0,0,0,0,0,0,0,0,0,0,1,0,0,1
0.7000000000000001,5,1,0.09716097023153258,0.0,80,False,True,False,False,False,False,False,True,0,0,0,1,0,1,0,0,0,0,0,0,0,0
0.9,2,1,0.5098476495940665,0.5,100,False,True,False,False,False,True,False,False,0,1,0,1,0,1,0,0,1,0,0,0,0,0
0.9,4,1,0.4146537035180916,0.5,100,False,True,False,False,False,True,False,False,0,1,0,1,0,1,0,0,1,0,0,0,0,0
0.1,2,1,0.42962563896963024,0.9,80,False,True,False,False,True,False,False,False,0,1,0,1,0,1,0,0,0,0,0,0,0,0
0.0,3,0,0.46381677859075876,0.4,50,False,True,False,False,True,False,False,False,0,1,0,1,0,1,0,0,1,0,0,0,0,0
0.1,1,1,0.8447429086899871,1.0,80,False,False,False,True,False,False,False,True,1,0,0,0,1,0,0,0,0,0,0,1,1,0
0.9,1,1,0.7771374160569311,0.6000000000000001,100,False,False,False,True,False,False,False,True,1,0,0,0,0,0,0,0,0,0,0,1,0,0
0.9,4,1,0.6897865089706325,0.7000000000000001,100,False,False,False,True,False,False,True,False,1,0,0,0,1,0,0,0,0,0,0,1,1,0
0.4,1,1,0.20796582138919517,0.5,85,False,True,False,False,False,True,False,False,0,0,0,1,0,1,0,0,0,0,0,0,0,0
0.2,1,0,0.6272677157462163,0.1,50,False,False,False,True,True,False,False,False,1,0,0,0,1,0,0,0,0,0,0,0,1,0
0.9,5,1,0.9197654605592864,0.5,100,False,False,False,True,False,False,True,False,1,0,0,0,0,0,0,0,0,0,0,1,1,0
0.2,5,0,0.5048110654505362,0.1,50,True,False,False,False,True,False,False,False,0,0,0,0,0,0,0,1,0,1,1,0,0,0
0.9,1,1,0.8556429788513582,1.0,100,True,False,False,False,False,False,False,True,0,0,0,0,0,0,0,1,0,0,1,0,0,1
0.8,2,1,0.010774781998596827,0.4,100,False,True,False,False,False,True,False,False,0,1,0,1,0,1,0,0,1,0,0,0,0,0
0.0,1,0,0.29416407737796935,0.6000000000000001,55,False,False,True,False,True,False,False,False,0,0,1,0,0,0,1,0,0,0,0,0,1,0
0.7000000000000001,1,1,0.09862684173599279,0.7000000000000001,100,False,False,False,True,True,False,False,False,1,0,0,0,0,0,0,0,0,0,0,0,1,0
0.7000000000000001,5,1,0.13304350005011534,0.0,80,False,True,False,False,False,False,False,True,0,1,0,0,0,0,0,0,1,0,0,0,0,0
0.1,5,0,0.6473764658715044,0.1,30,False,False,False,True,False,False,False,True,0,0,0,0,1,0,0,0,0,0,0,1,1,0
0.0,2,1,0.7440112258193847,0.9,70,False,True,False,False,False,False,True,False,0,0,0,1,0,1,0,0,1,0,0,0,0,0
0.6000000000000001,3,1,0.9714342988874411,0.5,100,False,False,True,False,False,True,False,False,0,0,1,0,0,0,1,0,0,1,0,0,1,0
0.4,3,1,0.11051668838328155,0.7000000000000001,100,True,False,False,False,True,False,False,False,0,0,0,0,0,0,0,1,0,1,1,0,0,1
0.5,3,1,0.49551468377267727,0.9,100,False,False,True,False,False,False,False,True,0,0,1,0,0,0,1,0,0,0,0,0,1,0
0.7000000000000001,1,1,0.19932093815776286,0.2,100,False,False,True,False,True,False,False,False,0,0,0,0,0,0,1,0,0,1,0,0,0,0
0.5,3,1,0.018104139520898066,0.0,70,False,False,False,True,False,False,True,False,1,0,0,0,0,0,0,0,0,0,0,0,1,0
0.5,4,1,0.36549062844542457,0.0,80,False,False,True,False,False,False,True,False,0,0,1,0,0,0,1,0,0,1,0,0,1,0
0.2,1,0,0.3011050415956701,0.0,30,False,True,False,False,False,False,False,True,0,0,0,0,0,1,0,0,1,0,0,0,0,0
0.4,5,1,0.8605417460158364,1.0,100,False,False,False,True,False,False,False,True,0,0,0,0,0,0,0,0,0,0,0,1,1,0
0.8,2,1,0.2904555477598477,0.7000000000000001,100,False,False,False,True,False,False,True,False,1,0,0,0,1,0,0,0,0,0,0,1,1,0
0.4,1,1,0.24399869700310717,0.5,80,True,False,False,False,False,False,False,True,0,0,0,0,0,0,0,1,0,0,1,0,0,1
0.9,3,1,0.5287536333567204,0.0,100,False,False,False,True,False,True,False,False,1,0,0,0,1,0,0,0,0,0,0,0,1,0
0.6000000000000001,5,1,0.30386138117670647,1.0,100,True,False,False,False,False,False,True,False,0,0,0,0,0,0,0,1,0,1,1,0,0,1
0.5,3,1,0.8957226621228827,0.9,100,False,False,False,True,False,True,False,False,1,0,0,0,1,0,0,0,0,0,0,1,1,0
0.6000000000000001,2,1,0.6233712538839331,0.2,95,False,False,True,False,False,False,True,False,0,0,1,0,0,0,1,0,0,1,0,0,0,0
0.30000000000000004,2,1,0.9010474090407938,0.7000000000000001,80,False,False,False,True,False,False,False,True,1,0,0,0,0,0,0,0,0,0,0,1,1,0
0.6000000000000001,1,1,0.9947003107146437,0.2,90,False,True,False,False,True,False,False,False,0,0,0,1,0,0,0,0,1,0,0,0,0,0
0.7000000000000001,2,1,0.04817329858674957,0.8,100,False,False,True,False,True,False,False,False,0,0,1,0,0,0,1,0,0,0,0,0,0,0
1.0,1,1,0.5223639370552271,0.4,100,False,False,False,True,False,True,False,False,0,0,0,0,1,0,0,0,0,0,0,1,1,0
0.1,4,0,0.8213390798837326,0.2,30,True,False,False,False,False,False,False,True,0,0,0,0,0,0,0,1,0,0,1,0,0,0
0.7000000000000001,3,1,0.47776135110754736,1.0,100,False,False,True,False,False,True,False,False,0,0,1,0,0,0,1,0,0,0,0,0,1,0
0.30000000000000004,3,1,0.9455247068256991,0.9,100,False,True,False,False,True,False,False,False,0,1,0,1,0,1,0,0,1,0,0,0,0,0
0.30000000000000004,5,1,0.3971634759947881,0.7000000000000001,90,True,False,False,False,True,False,False,False,0,0,0,0,0,0,0,1,0,1,0,0,0,1
0.9,2,1,0.300415956700411,0.9,100,False,False,True,False,False,False,True,False,0,0,1,0,0,0,1,0,0,1,0,0,1,0
0.5,1,1,0.6152400521198758,0.30000000000000004,85,False,False,False,True,False,False,False,True,1,0,0,0,1,0,0,0,0,0,0,1,1,0
0.5,5,1,0.81274431191741,0.0,80,True,False,False,False,False,False,True,False,0,0,0,0,0,0,0,1,0,1,1,0,0,1
0.7000000000000001,3,1,0.23585496642277237,0.7000000000000001,100,False,False,False,True,False,True,False,False,1,0,0,0,1,0,0,0,0,0,0,1,1,0
0.1,1,0,0.1889470782800442,0.4,60,False,False,True,False,False,False,True,False,0,0,1,0,0,0,1,0,0,1,0,0,1,0
0.1,5,0,0.12951037385987774,0.1,35,False,False,False,True,False,False,False,True,1,0,0,0,1,0,0,0,0,0,0,1,1,0
1.0,4,1,0.13874411145634968,0.8,100,False,True,False,False,False,True,False,False,0,1,0,1,0,0,0,0,1,0,0,0,0,0
0.7000000000000001,2,1,0.7474190638468479,0.0,95,False,False,True,False,False,True,False,False,0,0,1,0,0,0,1,0,0,1,0,0,0,0
0.0,4,1,0.6526260398917512,1.0,70,False,True,False,False,False,False,False,True,0,1,0,1,0,1,0,0,1,0,0,0,0,0
0.1,5,0,0.3196852761351108,0.5,55,False,True,False,False,True,False,False,False,0,1,0,1,0,0,0,0,0,0,0,0,0,0
0.5,2,1,0.8255738197855067,0.30000000000000004,85,True,False,False,False,True,False,False,False,0,0,0,0,0,0,0,1,0,1,0,0,0,0
1.0,5,1,0.7338628846346598,0.6000000000000001,100,True,False,False,False,True,False,False,False,0,0,0,0,0,0,0,0,0,1,0,0,0,1
0.0,4,0,0.003946577127392992,0.0,15,True,False,False,False,False,False,False,True,0,0,0,0,0,0,0,1,0,1,1,0,0,0
0.6000000000000001,1,1,0.7992006615214995,0.5,100,False,False,False,True,True,False,False,False,1,0,0,0,1,0,0,0,0,0,0,1,0,0
1.0,5,1,0.5282148942567906,0.2,100,False,True,False,False,False,False,False,True,0,0,0,0,0,1,0,0,1,0,0,0,0,0
0.5,1,1,0.1989450736694398,0.5,95,False,False,True,False,False,False,True,False,0,0,1,0,0,0,0,0,0,0,0,0,1,0
0.9,4,1,0.5238548661922422,0.4,100,False,False,False,True,True,False,False,False,1,0,0,0,1,0,0,0,0,0,0,1,1,0
0.30000000000000004,3,1,0.8168161772075775,0.9,95,False,False,False,True,True,False,False,False,0,0,0,0,1,0,0,0,0,0,0,1,0,0
0.8,5,1,0.39514633657412057,0.8,100,False,True,False,False,False,True,False,False,0,1,0,1,0,1,0,0,0,0,0,0,0,0
0.2,3,0,0.5404680765761252,0.4,60,False,False,False,True,True,False,False,False,1,0,0,0,0,0,0,0,0,0,0,0,1,0
0.9,4,1,0.5906961010323746,0.0,100,True,False,False,False,False,False,False,True,0,0,0,0,0,0,0,1,0,1,1,0,0,1
0.7000000000000001,2,1,0.09538187832013634,0.8,100,False,False,True,False,False,False,False,True,0,0,1,0,0,0,1,0,0,1,0,0,0,0
0.4,1,1,0.17579182118873415,1.0,100,False,False,False,True,False,True,False,False,1,0,0,0,0,0,0,0,0,0,0,1,0,0
0.1,1,1,0.574070361832214,0.7000000000000001,70,True,False,False,False,False,True,False,False,0,0,0,0,0,0,0,0,0,1,1,0,0,1
0.6000000000000001,3,1,0.6856394707828004,0.7000000000000001,100,False,True,False,False,False,False,False,True,0,0,0,1,0,0,0,0,1,0,0,0,0,0
0.5,1,1,0.31219304400120285,0.1,65,False,False,True,False,False,False,False,True,0,0,0,0,0,0,1,0,0,1,0,0,0,0
0.8,1,1,0.41645785306204275,0.2,100,False,False,False,True,True,False,False,False,1,0,0,0,1,0,0,0,0,0,0,1,1,0
0.8,4,1,0.3206249373559187,0.0,100,False,False,False,True,True,False,False,False,1,0,0,0,1,0,0,0,0,0,0,1,0,0
0.30000000000000004,3,1,0.15496892853563204,0.9,100,False,False,False,True,False,False,True,False,1,0,0,0,1,0,0,0,0,0,0,1,1,0
0.1,2,0,0.13484764959406637,0.4,50,False,False,True,False,True,False,False,False,0,0,1,0,0,0,0,0,0,0,0,0,1,0
0.0,2,0,0.3894457251678862,0.4,45,False,False,True,False,True,False,False,False,0,0,0,0,0,0,1,0,0,1,0,0,1,0
0.5,1,1,0.37953543149243263,0.8,100,False,False,False,True,True,False,False,False,0,0,0,0,1,0,0,0,0,0,0,1,0,0
0.5,5,1,0.452039691289967,0.8,100,False,False,False,True,False,False,True,False,1,0,0,0,1,0,0,0,0,0,0,0,0,0
0.5,1,1,0.9296506966021851,0.6000000000000001,90,True,False,False,False,False,False,False,True,0,0,0,0,0,0,0,0,0,1,0,0,0,1
0.6000000000000001,4,1,0.33473238448431397,0.1,90,False,True,False,False,False,False,True,False,0,1,0,1,0,1,0,0,0,0,0,0,0,0
0.1,3,0,0.8547534328956601,0.4,50,True,False,False,False,False,True,False,False,0,0,0,0,0,0,0,0,0,1,0,0,0,1
0.9,4,1,0.90184925328255,0.2,100,False,False,True,False,False,True,False,False,0,0,0,0,0,0,1,0,0,1,0,0,1,0
0.30000000000000004,2,1,0.06753031973539148,0.30000000000000004,70,False,True,False,False,True,False,False,False,0,0,0,1,0,1,0,0,1,0,0,0,0,0
1.0,3,1,0.12012629046807666,0.5,100,False,False,False,True,False,True,False,False,1,0,0,0,0,0,0,0,0,0,0,1,0,0
0.30000000000000004,3,0,0.06497444121479412,0.2,60,False,True,False,False,True,False,False,False,0,0,0,1,0,1,0,0,0,0,0,0,0,0
0.2,4,0,0.28291320036083,0.1,50,False,False,False,True,False,False,True,False,0,0,0,0,1,0,0,0,0,0,0,1,1,0
0.9,3,1,0.4251403227423074,1.0,100,False,False,True,False,False,False,False,True,0,0,1,0,0,0,1,0,0,1,0,0,1,0
0.30000000000000004,5,1,0.4482309311416258,0.1,65,False,False,True,False,False,False,True,False,0,0,1,0,0,0,1,0,0,1,0,0,1,0
0.6000000000000001,4,1,0.6067204570512179,0.4,100,True,False,False,False,False,True,False,False,0,0,0,0,0,0,0,1,0,0,1,0,0,1
0.7000000000000001,1,1,0.17178259997995393,0.30000000000000004,100,True,False,False,False,False,False,False,True,0,0,0,0,0,0,0,0,0,1,1,0,0,1
1.0,3,1,0.8327778891450337,0.2,100,True,False,False,False,False,True,False,False,0,0,0,0,0,0,0,1,0,1,1,0,0,0
0.8,2,1,0.7000225518692995,0.2,100,False,False,True,False,False,True,False,False,0,0,0,0,0,0,1,0,0,1,0,0,0,0
0.30000000000000004,3,1,0.5208354214693796,0.7000000000000001,80,False,False,True,False,False,False,False,True,0,0,1,0,0,0,1,0,0,1,0,0,0,0
0.7000000000000001,1,1,0.6794126490929138,0.9,100,True,False,False,False,False,False,False,True,0,0,0,0,0,0,0,1,0,1,0,0,0,1
0.7000000000000001,2,1,0.3274531422271224,0.4,100,True,False,False,False,False,True,False,False,0,0,0,0,0,0,0,1,0,0,1,0,0,1
0.9,2,1,0.4606720457051219,0.9,100,False,False,False,True,False,False,True,False,1,0,0,0,1,0,0,0,0,0,0,1,1,0
0.0,1,0,0.8418487521298987,0.1,35,True,False,False,False,False,False,True,False,0,0,0,0,0,0,0,1,0,1,1,0,0,1
0.5,1,1,0.1810539240252581,0.0,70,False,False,False,True,True,False,False,False,0,0,0,0,1,0,0,0,0,0,0,0,1,0
1.0,4,1,0.9208930540242559,0.0,100,False,False,False,True,True,False,False,False,0,0,0,0,0,0,0,0,0,0,0,1,1,0
0.5,3,1,0.6797759847649594,1.0,100,False,False,True,False,False,False,False,True,0,0,1,0,0,0,1,0,0,1,0,0,0,0
0.5,2,1,0.42604239751428286,0.30000000000000004,95,False,True,False,False,True,False,False,False,0,1,0,1,0,1,0,0,1,0,0,0,0,0
0.4,2,1,0.6367269720356821,0.30000000000000004,70,True,False,False,False,False,False,False,True,0,0,0,0,0,0,0,1,0,0,1,0,0,1
0.5,3,1,0.10048110654505371,0.6000000000000001,100,False,False,False,True,False,False,False,True,1,0,0,0,1,0,0,0,0,0,0,1,1,0
0.8,4,1,0.1346346597173499,0.30000000000000004,100,True,False,False,False,False,False,False,True,0,0,0,0,0,0,0,1,0,1,1,0,0,1
0.8,3,1,0.4603713541144633,0.2,100,False,True,False,False,False,False,False,True,0,1,0,1,0,1,0,0,1,0,0,0,0,0
0.5,4,1,0.594367044201664,0.1,85,False,False,False,True,False,False,True,False,1,0,0,0,1,0,0,0,0,0,0,1,1,0
0.30000000000000004,5,1,0.9059712338378272,1.0,100,False,False,False,True,False,False,True,False,0,0,0,0,1,0,0,0,0,0,0,0,1,0
0.8,1,1,0.01928184825097734,0.4,100,True,False,False,False,True,False,False,False,0,0,0,0,0,0,0,1,0,0,1,0,0,0
0.7000000000000001,1,1,0.9505487621529518,0.9,100,False,False,False,True,False,False,True,False,1,0,0,0,1,0,0,0,0,0,0,1,1,0
0.4,4,1,0.5546882830510174,0.2,65,True,False,False,False,False,False,False,True,0,0,0,0,0,0,0,0,0,1,1,0,0,1
0.30000000000000004,3,1,0.7718878420366844,0.8,85,False,True,False,False,False,False,False,True,0,0,0,1,0,1,0,0,1,0,0,0,0,0
0.2,1,1,0.7197053222411547,0.4,70,True,False,False,False,False,True,False,False,0,0,0,0,0,0,0,1,0,1,1,0,0,1
0.8,3,1,0.7872982860579334,0.7000000000000001,100,False,False,False,True,False,False,True,False,1,0,0,0,1,0,0,0,0,0,0,1,1,0
0.6000000000000001,3,1,0.9453493033978151,0.9,100,True,False,False,False,False,True,False,False,0,0,0,0,0,0,0,1,0,1,1,0,0,1
0.6000000000000001,4,1,0.4975192943770673,0.8,100,False,False,True,False,False,True,False,False,0,0,1,0,0,0,1,0,0,0,0,0,1,0
0.4,3,1,0.027813972135912635,1.0,100,True,False,False,False,True,False,False,False,0,0,0,0,0,0,0,1,0,1,1,0,0,1
1.0,3,1,0.977147439109953,0.8,100,True,False,False,False,False,False,False,True,0,0,0,0,0,0,0,1,0,1,0,0,0,1
0.2,1,1,0.4020873007918212,0.30000000000000004,65,False,True,False,False,False,False,True,False,0,1,0,1,0,1,0,0,1,0,0,0,0,0
0.5,3,1,0.3057532324345996,0.4,90,True,False,False,False,True,False,False,False,0,0,0,0,0,0,0,1,0,0,1,0,0,0
0.5,2,1,0.8634734890247571,0.7000000000000001,100,False,True,False,False,True,False,False,False,0,1,0,1,0,1,0,0,1,0,0,0,0,0
0.4,4,1,0.6995339280344794,0.6000000000000001,95,False,False,True,False,True,False,False,False,0,0,1,0,0,0,0,0,0,1,0,0,1,0
0.0,2,0,0.0826150145334269,0.5,45,False,False,False,True,False,False,True,False,1,0,0,0,0,0,0,0,0,0,0,0,1,0
0.0,3,0,0.440889044803047,0.1,20,True,False,False,False,False,False,False,True,0,0,0,0,0,0,0,0,0,1,1,0,0,1
0.30000000000000004,2,1,0.7466422772376466,0.5,75,False,False,True,False,True,False,False,False,0,0,1,0,0,0,0,0,0,0,0,0,1,0
0.30000000000000004,1,1,0.6924927332865591,0.8,90,True,False,False,False,False,False,False,True,0,0,0,0,0,0,0,1,0,1,1,0,0,1
0.4,5,0,0.7325849453743611,0.2,60,False,True,False,False,False,False,False,True,0,1,0,0,0,0,0,0,1,0,0,0,0,0
0.8,5,1,0.7817354916307508,0.5,100,False,True,False,False,False,True,False,False,0,1,0,1,0,1,0,0,0,0,0,0,0,0
0.1,1,1,0.7195549764458256,0.9,85,False,True,False,False,False,False,True,False,0,1,0,1,0,1,0,0,1,0,0,0,0,0
1.0,2,1,0.6874185626941967,0.6000000000000001,100,True,False,False,False,True,False,False,False,0,0,0,0,0,0,0,1,0,1,1,0,0,1
0.7000000000000001,5,1,0.9187756840733687,0.1,85,False,False,False,True,False,False,False,True,1,0,0,0,0,0,0,0,0,0,0,1,0,0
0.0,2,0,0.11176957001102539,0.30000000000000004,40,False,False,False,True,True,False,False,False,0,0,0,0,1,0,0,0,0,0,0,1,1,0
0.6000000000000001,2,1,0.31570111255888544,0.7000000000000001,100,True,False,False,False,False,False,False,True,0,0,0,0,0,0,0,0,0,1,1,0,0,1
0.30000000000000004,1,1,0.32363185326250377,0.9,100,True,False,False,False,False,True,False,False,0,0,0,0,0,0,0,1,0,0,1,0,0,1
0.7000000000000001,3,1,0.06978550666533034,0.6000000000000001,100,True,False,False,False,False,True,False,False,0,0,0,0,0,0,0,1,0,0,0,0,0,1
0.5,1,1,0.03649644181617728,0.6000000000000001,100,False,False,True,False,False,True,False,False,0,0,0,0,0,0,1,0,0,0,0,0,1,0
0.30000000000000004,5,1,0.826751528515586,0.4,70,False,True,False,False,False,False,False,True,0,1,0,1,0,1,0,0,1,0,0,0,0,0
0.1,5,1,0.7593966122080786,0.9,65,False,True,False,False,False,False,False,True,0,1,0,0,0,0,0,0,1,0,0,0,0,0
0.7000000000000001,2,1,0.4475919615114764,0.7000000000000001,100,False,True,False,False,False,True,False,False,0,0,0,1,0,0,0,0,1,0,0,0,0,0
0.30000000000000004,1,0,0.07308058534629647,0.0,50,False,True,False,False,False,False,True,False,0,0,0,1,0,0,0,0,1,0,0,0,0,0
0.9,5,1,0.020647489225218085,0.0,100,False,True,False,False,True,False,False,False,0,1,0,1,0,1,0,0,1,0,0,0,0,0
0.30000000000000004,3,1,0.9457126390698607,1.0,95,True,False,False,False,False,False,False,True,0,0,0,0,0,0,0,1,0,0,1,0,0,1
0.0,1,0,0.32285506665330266,0.6000000000000001,50,False,False,False,True,True,False,False,False,0,0,0,0,1,0,0,0,0,0,0,0,1,0
0.0,5,0,0.886752029668237,0.6000000000000001,55,True,False,False,False,False,False,True,False,0,0,0,0,0,0,0,0,0,1,1,0,0,1
0.30000000000000004,2,0,0.4966046907888143,0.2,60,False,False,True,False,False,True,False,False,0,0,0,0,0,0,1,0,0,1,0,0,0,0
1.0,3,1,0.20901824195649998,0.30000000000000004,100,False,True,False,False,False,True,False,False,0,1,0,1,0,1,0,0,0,0,0,0,0,0
0.4,5,1,0.12884634659717353,0.8,100,True,False,False,False,False,True,False,False,0,0,0,0,0,0,0,1,0,1,1,0,0,1
0.30000000000000004,2,1,0.22714743910995294,0.9,95,True,False,False,False,True,False,False,False,0,0,0,0,0,0,0,0,0,0,1,0,0,1
0.1,3,0,0.5339530921118574,0.0,20,False,False,False,True,False,False,False,True,0,0,0,0,1,0,0,0,0,0,0,0,1,0
0.4,2,1,0.7257692693194349,0.4,90,False,True,False,False,False,True,False,False,0,1,0,1,0,1,0,0,1,0,0,0,0,0
0.9,1,1,0.21176205272125892,0.1,100,False,True,False,False,False,False,True,False,0,0,0,1,0,0,0,0,1,0,0,0,0,0
0.6000000000000001,5,1,0.04383832815475597,0.9,100,False,False,False,True,True,False,False,False,1,0,0,0,1,0,0,0,0,0,0,1,1,0
1.0,5,1,0.9536934950385889,0.7000000000000001,100,False,False,True,False,False,False,False,True,0,0,1,0,0,0,1,0,0,1,0,0,1,0
0.0,4,0,0.8577728776185227,0.2,30,False,True,False,False,False,False,False,True,0,1,0,1,0,1,0,0,1,0,0,0,0,0
0.30000000000000004,2,1,0.2832765360328756,0.9,100,True,False,False,False,True,False,False,False,0,0,0,0,0,0,0,1,0,1,0,0,0,1
0.2,2,0,0.5724416157161472,0.5,60,True,False,False,False,False,False,False,True,0,0,0,0,0,0,0,1,0,1,1,0,0,0
0.8,3,1,0.1361255888543651,0.8,100,False,False,False,True,False,False,True,False,0,0,0,0,1,0,0,0,0,0,0,0,1,0
0.2,5,1,0.02178761150646491,0.7000000000000001,65,False,True,False,False,False,False,False,True,0,1,0,0,0,1,0,0,0,0,0,0,0,0
0.0,5,0,0.6973163275533729,0.2,30,False,False,True,False,False,False,False,True,0,0,1,0,0,0,1,0,0,1,0,0,1,0
0.6000000000000001,3,1,0.8624461260900071,1.0,100,False,True,False,False,False,False,True,False,0,1,0,1,0,0,0,0,1,0,0,0,0,0
0.8,2,1,0.3949082890648492,0.30000000000000004,100,True,False,False,False,True,False,False,False,0,0,0,0,0,0,0,1,0,1,1,0,0,1
1.0,5,1,0.4961285957702717,0.8,100,False,False,False,True,False,False,False,True,1,0,0,0,1,0,0,0,0,0,0,1,1,0
0.30000000000000004,1,0,0.05037837025157865,0.0,40,False,False,False,True,False,False,False,True,0,0,0,0,1,0,0,0,0,0,0,1,0,0
0.5,4,1,0.7891650796832717,1.0,100,True,False,False,False,False,True,False,False,0,0,0,0,0,0,0,0,0,1,1,0,0,0
0.30000000000000004,5,1,0.5342537837025159,0.9,100,True,False,False,False,False,True,False,False,0,0,0,0,0,0,0,1,0,1,1,0,0,1
0.2,5,0,0.38696501954495344,0.30000000000000004,60,False,False,True,False,False,True,False,False,0,0,1,0,0,0,0,0,0,1,0,0,1,0
0.0,1,0,0.8314999498847349,0.30000000000000004,45,True,False,False,False,False,False,True,False,0,0,0,0,0,0,0,1,0,1,1,0,0,1
0.5,3,1,0.42844793023955097,0.7000000000000001,100,True,False,False,False,False,False,False,True,0,0,0,0,0,0,0,1,0,1,1,0,0,1
0.9,4,1,0.9189009722361432,0.2,100,False,False,False,True,False,False,False,True,1,0,0,0,0,0,0,0,0,0,0,1,0,0
0.0,2,0,0.45132554876215303,0.5,55,False,True,False,False,False,False,True,False,0,1,0,1,0,1,0,0,1,0,0,0,0,0
1.0,5,1,0.30485115766262405,0.7000000000000001,100,False,False,True,False,True,False,False,False,0,0,0,0,0,0,0,0,0,1,0,0,1,0
0.0,2,1,0.38661421268918517,0.8,70,False,True,False,False,False,False,True,False,0,1,0,1,0,1,0,0,1,0,0,0,0,0
0.4,1,0,0.4397739801543551,0.1,60,False,False,True,False,False,False,False,True,0,0,1,0,0,0,1,0,0,0,0,0,1,0
0.5,3,1,0.2585321238849354,0.7000000000000001,100,False,False,False,True,False,True,False,False,1,0,0,0,1,0,0,0,0,0,0,1,1,0
0.6000000000000001,3,1,0.7610253583241455,1.0,100,False,False,False,True,False,False,True,False,1,0,0,0,0,0,0,0,0,0,0,1,1,0
0.8,1,1,0.21753783702515794,0.0,100,False,False,True,False,True,False,False,False,0,0,1,0,0,0,1,0,0,1,0,0,1,0
0.2,5,1,0.8297083291570613,0.7000000000000001,75,False,True,False,False,True,False,False,False,0,0,0,1,0,0,0,0,1,0,0,0,0,0
0.30000000000000004,5,1,0.2911696902876617,0.8,90,True,False,False,False,False,False,False,True,0,0,0,0,0,0,0,1,0,1,1,0,0,1
0.0,4,0,0.6210408940563297,0.8,60,False,True,False,False,False,False,True,False,0,1,0,0,0,1,0,0,0,0,0,0,0,0
0.30000000000000004,5,1,0.16829958905482612,0.7000000000000001,85,False,False,False,True,False,True,False,False,1,0,0,0,1,0,0,0,0,0,0,0,0,0
0.5,4,1,0.4464267815976747,0.7000000000000001,95,False,False,False,True,False,False,False,True,0,0,0,0,1,0,0,0,0,0,0,1,0,0
0.2,4,1,0.7502004610604391,1.0,80,True,False,False,False,False,False,False,True,0,0,0,0,0,0,0,1,0,0,0,0,0,1
0.6000000000000001,1,1,0.41574371053422876,0.8,100,False,False,False,True,False,True,False,False,1,0,0,0,1,0,0,0,0,0,0,1,1,0
0.7000000000000001,2,1,0.01995840432995899,0.8,100,False,True,False,False,False,False,False,True,0,1,0,1,0,1,0,0,0,0,0,0,0,0
0.4,1,1,0.06725468577728777,0.5,95,True,False,False,False,False,False,True,False,0,0,0,0,0,0,0,1,0,1,1,0,0,1
0.30000000000000004,1,1,0.3756389696301494,0.30000000000000004,65,True,False,False,False,True,False,False,False,0,0,0,0,0,0,0,0,0,1,0,0,0,1
0.4,4,1,0.04024255788313125,0.2,70,False,False,False,True,False,True,False,False,1,0,0,0,1,0,0,0,0,0,0,0,0,0
0.7000000000000001,4,1,0.1172947779893756,1.0,100,True,False,False,False,True,False,False,False,0,0,0,0,0,0,0,1,0,1,0,0,0,1
0.7000000000000001,2,1,0.6520497143429889,0.30000000000000004,100,False,True,False,False,False,True,False,False,0,1,0,0,0,1,0,0,0,0,0,0,0,0
0.6000000000000001,1,1,0.23859877718753142,0.5,100,False,True,False,False,False,False,True,False,0,1,0,1,0,1,0,0,1,0,0,0,0,0
0.2,4,1,0.5573318632855568,0.7000000000000001,75,False,True,False,False,False,True,False,False,0,1,0,1,0,0,0,0,0,0,0,0,0,0
0.30000000000000004,4,1,0.9769595068657915,0.8,100,False,True,False,False,False,True,False,False,0,1,0,1,0,1,0,0,1,0,0,0,0,0
0.2,3,0,0.20482108850355818,0.2,55,False,False,True,False,False,False,True,False,0,0,1,0,0,0,1,0,0,1,0,0,0,0
0.4,2,1,0.8814899268317131,0.7000000000000001,85,False,True,False,False,False,False,False,True,0,0,0,1,0,1,0,0,0,0,0,0,0,0
0.8,3,1,0.35590608399318435,0.4,100,False,True,False,False,False,False,True,False,0,1,0,0,0,1,0,0,1,0,0,0,0,0
0.2,3,1,0.5436002806454847,1.0,90,False,False,False,True,True,False,False,False,0,0,0,0,1,0,0,0,0,0,0,0,1,0
0.4,2,1,0.9195148842337377,0.2,70,False,True,False,False,False,False,False,True,0,1,0,1,0,1,0,0,1,0,0,0,0,0
0.8,1,1,0.5804725869499849,0.8,100,False,False,False,True,False,True,False,False,0,0,0,0,0,0,0,0,0,0,0,1,1,0
0.9,2,1,0.5622181016337577,0.6000000000000001,100,False,False,False,True,True,False,False,False,1,0,0,0,1,0,0,0,0,0,0,0,1,0
0.9,1,1,0.2631677859075875,0.7000000000000001,100,True,False,False,False,False,False,True,False,0,0,0,0,0,0,0,0,0,0,1,0,0,1
0.7000000000000001,2,1,0.7525809361531524,0.6000000000000001,100,False,True,False,False,False,True,False,False,0,1,0,1,0,1,0,0,1,0,0,0,0,0
0.4,3,1,0.2940638468477499,1.0,100,True,False,False,False,False,False,True,False,0,0,0,0,0,0,0,1,0,0,1,0,0,1
0.30000000000000004,4,1,0.8039490828906486,0.8,95,False,False,False,True,True,False,False,False,0,0,0,0,1,0,0,0,0,0,0,1,1,0
0.2,5,1,0.04532925729177106,0.5,70,False,False,True,False,True,False,False,False,0,0,0,0,0,0,1,0,0,1,0,0,1,0
0.2,1,1,0.1551819184123484,1.0,90,True,False,False,False,True,False,False,False,0,0,0,0,0,0,0,1,0,0,0,0,0,1
0.30000000000000004,5,0,0.6693269519895761,0.4,60,False,True,False,False,False,False,False,True,0,1,0,0,0,0,0,0,1,0,0,0,0,0
0.4,1,1,0.8044752931743009,0.6000000000000001,90,True,False,False,False,False,False,False,True,0,0,0,0,0,0,0,1,0,1,1,0,0,1
0.6000000000000001,5,1,0.5047609501854264,0.8,100,False,False,False,True,True,False,False,False,1,0,0,0,1,0,0,0,0,0,0,0,1,0
0.0,4,0,0.2744562493735593,0.1,25,True,False,False,False,False,False,True,False,0,0,0,0,0,0,0,0,0,1,0,0,0,1
0.1,4,0,0.26591159667234643,0.2,50,True,False,False,False,False,False,True,False,0,0,0,0,0,0,0,1,0,1,1,0,0,1
0.0,3,0,0.016249874711837253,0.0,25,False,False,False,True,True,False,False,False,1,0,0,0,1,0,0,0,0,0,0,0,1,0
0.6000000000000001,1,1,0.9609977949283353,0.2,90,True,False,False,False,False,False,True,False,0,0,0,0,0,0,0,0,0,1,0,0,0,1
0.8,5,1,0.7531948481507469,0.5,100,False,False,False,True,False,True,False,False,1,0,0,0,1,0,0,0,0,0,0,1,1,0
0.4,5,1,0.15917861080485118,0.2,70,False,True,False,False,False,False,False,True,0,1,0,1,0,1,0,0,1,0,0,0,0,0
0.4,4,1,0.03177307807958307,0.5,85,False,False,True,False,False,False,True,False,0,0,0,0,0,0,1,0,0,0,0,0,1,0
0.4,3,1,0.8734714844141527,0.30000000000000004,85,True,False,False,False,False,False,True,False,0,0,0,0,0,0,0,1,0,1,1,0,0,1
0.4,5,1,0.7220857973338679,0.8,90,False,False,True,False,False,False,False,True,0,0,1,0,0,0,0,0,0,0,0,0,1,0
0.30000000000000004,5,1,0.02860328756139119,0.9,85,False,True,False,False,False,False,False,True,0,1,0,0,0,0,0,0,1,0,0,0,0,0
0.8,2,1,0.24741906384684775,0.2,100,False,False,True,False,True,False,False,False,0,0,0,0,0,0,1,0,0,1,0,0,0,0
0.9,4,1,0.05092963816778595,0.6000000000000001,100,False,True,False,False,False,False,False,True,0,1,0,1,0,0,0,0,0,0,0,0,0,0
0.2,3,0,0.17675654004209684,0.0,50,False,False,False,True,True,False,False,False,1,0,0,0,1,0,0,0,0,0,0,1,1,0
0.8,2,1,0.882204069359527,0.9,100,False,False,True,False,False,True,False,False,0,0,1,0,0,0,1,0,0,1,0,0,0,0
1.0,1,1,0.5506540042096824,0.5,100,False,False,True,False,False,False,False,True,0,0,0,0,0,0,1,0,0,1,0,0,1,0
0.30000000000000004,5,0,0.6390322742307308,0.2,55,False,False,True,False,False,False,False,True,0,0,1,0,0,0,1,0,0,0,0,0,1,0
0.2,2,0,0.6853387791921419,0.4,55,True,False,False,False,False,False,False,True,0,0,0,0,0,0,0,1,0,1,1,0,0,0
0.7000000000000001,3,1,0.737984865189937,1.0,100,False,False,False,True,True,False,False,False,1,0,0,0,0,0,0,0,0,0,0,1,0,0
0.30000000000000004,3,0,0.8162147940262605,0.1,60,False,True,False,False,False,True,False,False,0,1,0,0,0,1,0,0,1,0,0,0,0,0
0.2,1,0,0.4233988172797435,0.2,50,False,True,False,False,False,False,True,False,0,0,0,0,0,1,0,0,1,0,0,0,0,0
0.5,5,1,0.6482785406434801,1.0,100,False,False,True,False,True,False,False,False,0,0,1,0,0,0,1,0,0,1,0,0,1,0
0.5,4,1,0.4578029467775885,1.0,100,False,False,False,True,True,False,False,False,1,0,0,0,1,0,0,0,0,0,0,1,0,0
0.1,5,1,0.9703568206875814,0.8,70,False,True,False,False,False,False,True,False,0,0,0,1,0,0,0,0,1,0,0,0,0,0
0.5,2,1,0.9487821990578331,0.0,75,False,False,False,True,False,False,True,False,1,0,0,0,1,0,0,0,0,0,0,1,0,0
0.30000000000000004,3,0,0.6916282449634159,0.30000000000000004,60,False,True,False,False,False,False,False,True,0,0,0,1,0,1,0,0,1,0,0,0,0,0
0.6000000000000001,4,1,0.2005988774180616,0.8,100,False,True,False,False,True,False,False,False,0,1,0,1,0,0,0,0,0,0,0,0,0,0
0.5,2,1,0.5885787310814874,0.5,100,False,True,False,False,False,True,False,False,0,0,0,1,0,1,0,0,1,0,0,0,0,0
0.6000000000000001,5,1,0.4888117670642478,0.2,85,False,False,True,False,False,False,False,True,0,0,1,0,0,0,1,0,0,0,0,0,1,0
0.5,4,1,0.463967124386088,0.6000000000000001,100,True,False,False,False,True,False,False,False,0,0,0,0,0,0,0,0,0,1,1,0,0,1
0.7000000000000001,1,1,0.19455998797233642,0.4,100,True,False,False,False,True,False,False,False,0,0,0,0,0,0,0,1,0,1,1,0,0,1
0.0,1,0,0.9765836423774683,0.2,40,False,False,False,True,False,False,True,False,1,0,0,0,1,0,0,0,0,0,0,1,1,0
0.5,3,1,0.7149318432394507,0.1,85,False,False,True,False,True,False,False,False,0,0,1,0,0,0,1,0,0,1,0,0,1,0
0.7000000000000001,1,1,0.8311115565801344,0.2,100,True,False,False,False,False,True,False,False,0,0,0,0,0,0,0,1,0,0,1,0,0,1
0.0,5,0,0.9821339079883733,0.2,35,False,False,False,True,False,True,False,False,1,0,0,0,1,0,0,0,0,0,0,1,0,0
0.6000000000000001,2,1,0.8273654405131803,1.0,100,True,False,False,False,False,False,True,False,0,0,0,0,0,0,0,1,0,0,0,0,0,1
0.2,1,1,0.063257993384785,1.0,95,True,False,False,False,True,False,False,False,0,0,0,0,0,0,0,1,0,1,1,0,0,0
0.2,5,0,0.09381577628545656,0.30000000000000004,60,True,False,False,False,False,True,False,False,0,0,0,0,0,0,0,1,0,0,1,0,0,1
0.1,3,0,0.23476495940663533,0.30000000000000004,45,False,False,False,True,False,False,False,True,1,0,0,0,1,0,0,0,0,0,0,1,1,0
0.8,5,1,0.8399193144231734,0.2,100,False,True,False,False,False,True,False,False,0,1,0,0,0,1,0,0,1,0,0,0,0,0
0.4,2,1,0.6326926931943471,0.30000000000000004,70,False,False,True,False,False,False,False,True,0,0,1,0,0,0,0,0,0,1,0,0,1,0
0.9,5,1,0.35228525608900474,0.9,100,False,False,False,True,False,True,False,False,1,0,0,0,1,0,0,0,0,0,0,1,1,0
0.0,2,0,0.6435927633557181,0.1,30,False,False,True,False,False,True,False,False,0,0,1,0,0,0,1,0,0,1,0,0,0,0
0.9,4,1,0.7169865691089508,0.1,100,True,False,False,False,True,False,False,False,0,0,0,0,0,0,0,0,0,1,1,0,0,1
0.5,2,1,0.9626766563095119,0.0,70,False,False,False,True,False,True,False,False,1,0,0,0,1,0,0,0,0,0,0,0,0,0
0.6000000000000001,5,1,0.3977523303598277,0.4,100,True,False,False,False,False,True,False,False,0,0,0,0,0,0,0,1,0,1,1,0,0,1
0.0,2,0,0.6123208379272327,0.4,35,True,False,False,False,False,False,False,True,0,0,0,0,0,0,0,0,0,1,1,0,0,1
0.6000000000000001,2,1,0.4469028766162173,0.0,90,True,False,False,False,False,False,True,False,0,0,0,0,0,0,0,1,0,1,1,0,0,1
0.1,4,0,0.391901373158264,0.6000000000000001,60,False,False,True,False,False,False,True,False,0,0,1,0,0,0,0,0,0,0,0,0,1,0
0.6000000000000001,1,1,0.5659266312518794,1.0,100,False,True,False,False,False,True,False,False,0,1,0,1,0,1,0,0,1,0,0,0,0,0
0.6000000000000001,3,1,0.019106444823093205,0.7000000000000001,100,False,False,True,False,False,False,False,True,0,0,1,0,0,0,1,0,0,0,0,0,1,0
0.2,2,0,0.527024656710434,0.4,55,False,False,False,True,False,False,False,True,0,0,0,0,1,0,0,0,0,0,0,1,1,0
0.6000000000000001,2,1,0.9615490628445424,0.1,85,False,False,True,False,False,True,False,False,0,0,1,0,0,0,0,0,0,0,0,0,1,0
0.0,2,0,0.6696527012127895,0.5,50,False,False,True,False,False,False,True,False,0,0,1,0,0,0,0,0,0,1,0,0,1,0
0.1,4,1,0.16125839430690592,0.8,75,True,False,False,False,True,False,False,False,0,0,0,0,0,0,0,1,0,1,0,0,0,1
0.0,4,0,0.3548411346096021,0.4,40,False,True,False,False,True,False,False,False,0,1,0,1,0,0,0,0,0,0,0,0,0,0
0.5,1,1,0.4478174802044703,0.4,100,False,False,False,True,False,True,False,False,1,0,0,0,1,0,0,0,0,0,0,1,1,0
0.9,4,1,0.6654304901272929,0.0,100,False,False,True,False,False,False,False,True,0,0,1,0,0,0,1,0,0,1,0,0,1,0
0.8,4,1,0.8055277137416057,0.6000000000000001,100,False,False,True,False,True,False,False,False,0,0,0,0,0,0,0,0,0,1,0,0,1,0
0.6000000000000001,5,1,0.23631853262503766,0.8,100,False,True,False,False,False,False,True,False,0,1,0,1,0,1,0,0,1,0,0,0,0,0
0.9,5,1,0.43870903077077283,0.2,100,True,False,False,False,False,False,True,False,0,0,0,0,0,0,0,0,0,1,1,0,0,1
0.1,5,0,0.6973288563696503,0.4,50,False,False,True,False,False,True,False,False,0,0,0,0,0,0,1,0,0,0,0,0,1,0
0.0,4,0,0.1772952791420267,0.6000000000000001,55,True,False,False,False,False,True,False,False,0,0,0,0,0,0,0,0,0,1,1,0,0,1
0.4,1,1,0.14837877117369958,0.8,100,False,False,True,False,False,False,False,True,0,0,1,0,0,0,1,0,0,1,0,0,1,0
0.2,5,1,0.9632780394908289,0.30000000000000004,65,True,False,False,False,False,True,False,False,0,0,0,0,0,0,0,1,0,1,1,0,0,1
1.0,3,1,0.8779317430089206,0.8,100,False,False,True,False,False,True,False,False,0,0,1,0,0,0,1,0,0,1,0,0,1,0
0.6000000000000001,1,1,0.918124185626942,0.4,95,False,False,False,True,False,False,False,True,1,0,0,0,1,0,0,0,0,0,0,0,1,0
1.0,2,1,0.22558133707527317,0.4,100,False,False,True,False,False,False,False,True,0,0,1,0,0,0,1,0,0,1,0,0,0,0
1.0,3,1,0.43023955096722466,0.5,100,False,False,False,True,False,False,False,True,1,0,0,0,1,0,0,0,0,0,0,1,0,0
0.6000000000000001,5,1,0.3202991881327053,0.30000000000000004,100,True,False,False,False,False,True,False,False,0,0,0,0,0,0,0,1,0,1,1,0,0,1
0.0,2,1,0.45241555577829007,1.0,70,False,False,True,False,False,False,True,False,0,0,0,0,0,0,0,0,0,1,0,0,1,0
0.7000000000000001,3,1,0.27439360529217205,0.5,100,False,False,False,True,False,True,False,False,1,0,0,0,0,0,0,0,0,0,0,0,1,0
0.5,5,1,0.6567730780795831,0.5,95,False,True,False,False,False,False,True,False,0,1,0,1,0,0,0,0,0,0,0,0,0,0
0.5,2,1,0.8948456449834621,0.7000000000000001,100,False,True,False,False,True,False,False,False,0,0,0,1,0,1,0,0,0,0,0,0,0,0
0.9,3,1,0.34560739701313026,0.9,100,True,False,False,False,False,False,False,True,0,0,0,0,0,0,0,1,0,1,1,0,0,1
0.9,2,1,0.8579983963115165,0.1,100,False,False,True,False,True,False,False,False,0,0,1,0,0,0,0,0,0,1,0,0,0,0
0.7000000000000001,5,1,0.6616217299789517,0.7000000000000001,100,False,True,False,False,False,False,False,True,0,1,0,1,0,1,0,0,1,0,0,0,0,0
0.30000000000000004,2,1,0.43636614212689195,1.0,100,True,False,False,False,False,False,True,False,0,0,0,0,0,0,0,1,0,0,0,0,0,1
0.9,1,1,0.4822216097023154,0.7000000000000001,100,False,True,False,False,False,True,False,False,0,1,0,0,0,1,0,0,0,0,0,0,0,0
1.0,4,1,0.1644031271925429,0.1,100,False,False,False,True,False,False,False,True,1,0,0,0,1,0,0,0,0,0,0,0,1,0
0.1,5,1,0.8532123884935352,0.8,70,False,False,True,False,False,False,False,True,0,0,1,0,0,0,1,0,0,1,0,0,1,0
0.6000000000000001,4,1,0.8393054024255788,0.8,100,False,False,True,False,False,False,True,False,0,0,1,0,0,0,1,0,0,1,0,0,1,0
0.7000000000000001,3,1,0.3994061341084495,0.7000000000000001,100,False,False,True,False,False,False,False,True,0,0,1,0,0,0,1,0,0,1,0,0,1,0
1.0,1,1,0.5266362634058335,0.2,100,True,False,False,False,False,True,False,False,0,0,0,0,0,0,0,1,0,1,1,0,0,1
0.30000000000000004,5,1,0.2938257993384785,0.2,70,False,False,False,True,False,False,True,False,1,0,0,0,1,0,0,0,0,0,0,1,1,0
0.7000000000000001,5,1,0.176217800942167,0.0,85,False,True,False,False,False,False,False,True,0,1,0,1,0,0,0,0,1,0,0,0,0,0
0.1,3,1,0.09508118672947785,0.9,70,False,True,False,False,False,False,False,True,0,1,0,1,0,0,0,0,1,0,0,0,0,0
0.4,2,1,0.9166833717550367,0.8,100,False,False,False,True,False,True,False,False,1,0,0,0,1,0,0,0,0,0,0,0,1,0
0.7000000000000001,2,1,0.3930790818883433,0.0,100,False,False,True,False,False,False,True,False,0,0,1,0,0,0,1,0,0,1,0,0,1,0
0.8,3,1,0.1629372556880826,0.6000000000000001,100,True,False,False,False,False,False,True,False,0,0,0,0,0,0,0,1,0,1,1,0,0,1
0.6000000000000001,1,1,0.8426255387391,0.7000000000000001,100,False,True,False,False,False,True,False,False,0,0,0,1,0,0,0,0,1,0,0,0,0,0
0.8,4,1,0.9487696702415556,0.5,100,False,False,True,False,False,False,False,True,0,0,1,0,0,0,1,0,0,1,0,0,1,0
0.1,2,1,0.06686629247268727,1.0,80,False,False,False,True,True,False,False,False,1,0,0,0,0,0,0,0,0,0,0,0,1,0
0.4,4,1,0.9933471985566804,0.30000000000000004,75,False,False,False,True,False,False,False,True,1,0,0,0,1,0,0,0,0,0,0,1,1,0
0.9,3,1,0.35239801543550175,0.9,100,True,False,False,False,False,False,True,False,0,0,0,0,0,0,0,1,0,1,1,0,0,1
0.8,2,1,0.02355417460158371,0.2,100,False,False,True,False,False,False,False,True,0,0,1,0,0,0,1,0,0,1,0,0,1,0
0.9,3,1,0.30035331261902376,0.1,100,False,False,True,False,True,False,False,False,0,0,1,0,0,0,1,0,0,1,0,0,0,0
0.6000000000000001,2,1,0.4673624335972738,0.4,100,False,False,True,False,False,True,False,False,0,0,1,0,0,0,1,0,0,1,0,0,1,0
0.8,4,1,0.7088428385286158,0.9,100,False,True,False,False,True,False,False,False,0,0,0,1,0,1,0,0,0,0,0,0,0,0
0.30000000000000004,1,1,0.624310915104741,0.9,100,False,False,True,False,True,False,False,False,0,0,1,0,0,0,1,0,0,1,0,0,1,0
0.2,1,0,0.7453768667936254,0.0,45,False,False,True,False,False,True,False,False,0,0,1,0,0,0,0,0,0,1,0,0,1,0
0.6000000000000001,3,1,0.9084644682770373,0.7000000000000001,100,False,False,True,False,False,True,False,False,0,0,1,0,0,0,1,0,0,1,0,0,1,0
0.6000000000000001,3,1,0.1622481707928235,1.0,100,True,False,False,False,False,True,False,False,0,0,0,0,0,0,0,0,0,0,1,0,0,1
0.5,3,1,0.4426180214493335,0.4,90,False,True,False,False,False,True,False,False,0,0,0,1,0,0,0,0,1,0,0,0,0,0
0.8,4,1,0.932194046306505,0.9,100,False,True,False,False,False,True,False,False,0,1,0,1,0,1,0,0,0,0,0,0,0,0
0.4,5,1,0.12012629046807666,0.7000000000000001,100,False,False,False,True,False,True,False,False,0,0,0,0,1,0,0,0,0,0,0,1,1,0
0.1,5,0,0.5394031271925428,0.30000000000000004,55,True,False,False,False,True,False,False,False,0,0,0,0,0,0,0,1,0,1,1,0,0,1
0.4,1,1,0.42219605091710943,0.30000000000000004,85,False,False,True,False,False,True,False,False,0,0,1,0,0,0,1,0,0,1,0,0,1,0
0.4,5,1,0.8436904881226823,0.2,65,False,True,False,False,False,False,False,True,0,0,0,1,0,1,0,0,1,0,0,0,0,0
0.1,1,0,0.13962112859577036,0.2,50,False,True,False,False,False,False,True,False,0,1,0,1,0,1,0,0,1,0,0,0,0,0
0.0,2,0,0.6639520898065552,0.2,30,False,True,False,False,False,False,False,True,0,1,0,1,0,1,0,0,1,0,0,0,0,0
0.9,1,1,0.18493785707126398,0.8,100,False,False,True,False,False,False,True,False,0,0,0,0,0,0,1,0,0,0,0,0,1,0
1.0,5,1,0.4678510574320939,1.0,100,False,False,False,True,False,True,False,False,1,0,0,0,1,0,0,0,0,0,0,1,1,0
0.6000000000000001,2,1,0.2264207677658615,0.4,100,False,False,False,True,False,True,False,False,1,0,0,0,1,0,0,0,0,0,0,1,1,0
0.4,4,1,0.34391600681567613,0.1,70,False,True,False,False,True,False,False,False,0,1,0,1,0,1,0,0,0,0,0,0,0,0
0.9,5,1,0.3144482309311417,0.1,100,True,False,False,False,True,False,False,False,0,0,0,0,0,0,0,0,0,1,0,0,0,1
0.8,3,1,0.08309110955196952,0.6000000000000001,100,False,False,False,True,True,False,False,False,0,0,0,0,0,0,0,0,0,0,0,1,1,0
1.0,3,1,0.31774330961210795,0.9,100,True,False,False,False,False,False,True,False,0,0,0,0,0,0,0,1,0,1,0,0,0,1
0.30000000000000004,4,1,0.16301242858574727,0.7000000000000001,85,False,True,False,False,False,False,False,True,0,1,0,1,0,1,0,0,1,0,0,0,0,0
0.1,4,1,0.5599002706224316,0.9,75,True,False,False,False,False,False,False,True,0,0,0,0,0,0,0,1,0,1,1,0,0,1
0.6000000000000001,2,1,0.4356144131502456,0.6000000000000001,100,False,False,False,True,False,False,True,False,1,0,0,0,1,0,0,0,0,0,0,1,1,0
0.4,3,1,0.17719504861180724,0.1,65,True,False,False,False,True,False,False,False,0,0,0,0,0,0,0,0,0,1,1,0,0,0
0.30000000000000004,4,1,0.24404881226821695,0.2,65,False,False,True,False,False,True,False,False,0,0,0,0,0,0,1,0,0,1,0,0,1,0
0.5,2,1,0.8026460859977951,0.9,100,False,True,False,False,True,False,False,False,0,1,0,1,0,1,0,0,1,0,0,0,0,0
0.8,5,1,0.24292121880324746,0.30000000000000004,100,False,False,False,True,False,False,False,True,1,0,0,0,1,0,0,0,0,0,0,0,1,0
0.9,2,1,0.646963014934349,0.8,100,False,False,True,False,False,False,True,False,0,0,1,0,0,0,0,0,0,1,0,0,0,0
0.7000000000000001,5,1,0.8504560489124988,1.0,100,False,False,False,True,False,False,False,True,1,0,0,0,0,0,0,0,0,0,0,1,0,0
0.8,1,1,0.7429462764358024,0.1,100,False,True,False,False,False,False,False,True,0,1,0,1,0,1,0,0,1,0,0,0,0,0
0.2,4,1,0.5527713741605693,0.4,65,False,False,True,False,False,True,False,False,0,0,0,0,0,0,1,0,0,1,0,0,1,0
1.0,3,1,0.9348000400922121,0.9,100,False,True,False,False,False,True,False,False,0,1,0,1,0,1,0,0,1,0,0,0,0,0
0.5,4,1,0.7665756239350507,0.7000000000000001,100,True,False,False,False,True,False,False,False,0,0,0,0,0,0,0,0,0,1,1,0,0,0
0.30000000000000004,4,1,0.19113962112859584,1.0,100,False,False,True,False,True,False,False,False,0,0,1,0,0,0,0,0,0,1,0,0,1,0
0.2,4,1,0.9632655106745516,0.7000000000000001,65,False,True,False,False,False,False,False,True,0,0,0,1,0,1,0,0,0,0,0,0,0,0
1.0,2,1,0.3809887741806155,0.7000000000000001,100,False,False,True,False,False,False,False,True,0,0,1,0,0,0,1,0,0,0,0,0,1,0
0.8,1,1,0.6710684574521399,1.0,100,False,False,False,True,False,False,False,True,1,0,0,0,1,0,0,0,0,0,0,1,1,0
0.4,2,1,0.612671644783001,0.2,70,False,False,True,False,False,False,True,False,0,0,1,0,0,0,1,0,0,0,0,0,0,0
0.2,5,1,0.5266362634058335,0.8,85,False,False,True,False,True,False,False,False,0,0,1,0,0,0,0,0,0,1,0,0,1,0
0.1,3,0,0.11065450536233346,0.30000000000000004,50,False,False,False,True,True,False,False,False,0,0,0,0,1,0,0,0,0,0,0,1,1,0
0.2,2,0,0.05179412649092918,0.4,55,False,False,True,False,False,False,False,True,0,0,0,0,0,0,1,0,0,1,0,0,1,0
0.7000000000000001,1,1,0.29462764358023463,1.0,100,False,True,False,False,False,False,False,True,0,0,0,1,0,1,0,0,1,0,0,0,0,0
0.1,1,0,0.7738548661922422,0.2,50,True,False,False,False,False,False,True,False,0,0,0,0,0,0,0,1,0,1,1,0,0,1
0.30000000000000004,4,1,0.7229628144732887,0.5,85,False,True,False,False,True,False,False,False,0,1,0,1,0,1,0,0,1,0,0,0,0,0
0.9,3,1,0.6387065250075175,0.5,100,True,False,False,False,False,False,False,True,0,0,0,0,0,0,0,1,0,1,1,0,0,1
0.7000000000000001,3,1,0.10232284253783708,0.4,100,False,False,False,True,True,False,False,False,0,0,0,0,1,0,0,0,0,0,0,0,1,0
0.6000000000000001,3,1,0.9531672847549364,0.2,100,False,False,True,False,True,False,False,False,0,0,1,0,0,0,1,0,0,1,0,0,1,0
0.5,4,1,0.08248972637065255,0.5,100,False,False,True,False,False,True,False,False,0,0,1,0,0,0,0,0,0,1,0,0,1,0
0.9,2,1,0.37241906384684775,0.0,100,False,True,False,False,False,False,True,False,0,1,0,0,0,1,0,0,1,0,0,0,0,0
1.0,5,1,0.17501503457953294,0.0,100,False,False,True,False,False,False,False,True,0,0,1,0,0,0,1,0,0,0,0,0,1,0
0.4,3,1,0.28446677357923233,0.9,100,False,True,False,False,False,True,False,False,0,0,0,1,0,1,0,0,1,0,0,0,0,0
0.8,2,1,0.6840107246667335,1.0,100,True,False,False,False,True,False,False,False,0,0,0,0,0,0,0,0,0,1,1,0,0,0
0.6000000000000001,5,1,0.8665305201964519,0.8,100,True,False,False,False,True,False,False,False,0,0,0,0,0,0,0,1,0,1,1,0,0,1
0.9,4,1,0.4230480104239752,0.6000000000000001,100,False,True,False,False,False,True,False,False,0,1,0,0,0,1,0,0,1,0,0,0,0,0
0.30000000000000004,1,1,0.683534629648191,0.8,90,False,False,True,False,False,False,False,True,0,0,1,0,0,0,1,0,0,1,0,0,1,0
0.8,2,1,0.677245163876917,0.4,100,False,True,False,False,False,False,False,True,0,1,0,1,0,0,0,0,1,0,0,0,0,0
0.6000000000000001,5,1,0.9094291871303999,0.2,95,True,False,False,False,False,True,False,False,0,0,0,0,0,0,0,1,0,1,0,0,0,1
1.0,4,1,0.9275458554675755,0.2,100,False,False,True,False,False,False,True,False,0,0,0,0,0,0,1,0,0,1,0,0,1,0
0.5,4,1,0.8664804049313422,0.5,100,True,False,False,False,False,False,True,False,0,0,0,0,0,0,0,1,0,1,1,0,0,1
0.6000000000000001,3,1,0.33641124586549065,0.5,100,False,False,False,True,False,False,True,False,1,0,0,0,1,0,0,0,0,0,0,1,1,0
0.6000000000000001,5,1,0.013957101333066047,0.9,100,True,False,False,False,True,False,False,False,0,0,0,0,0,0,0,1,0,0,1,0,0,1
0.30000000000000004,5,1,0.07379472787411046,1.0,100,False,False,True,False,False,False,True,False,0,0,0,0,0,0,1,0,0,1,0,0,1,0
0.8,5,1,0.4713340683572217,0.0,100,False,False,False,True,False,False,True,False,1,0,0,0,1,0,0,0,0,0,0,1,1,0
0.8,4,1,0.2594091410243561,0.7000000000000001,100,False,True,False,False,True,False,False,False,0,1,0,0,0,1,0,0,0,0,0,0,0,0
0.9,2,1,0.8470983261501455,0.5,100,False,False,True,False,False,False,True,False,0,0,1,0,0,0,1,0,0,1,0,0,1,0
0.5,1,1,0.5556905883532124,1.0,100,False,False,False,True,True,False,False,False,1,0,0,0,1,0,0,0,0,0,0,1,1,0
0.4,2,1,0.3193094116467876,0.5,95,False,False,True,False,True,False,False,False,0,0,1,0,0,0,1,0,0,1,0,0,1,0
0.30000000000000004,5,1,0.8448932544853163,1.0,95,False,False,True,False,False,False,False,True,0,0,1,0,0,0,1,0,0,1,0,0,0,0
0.0,3,0,0.0,0.2,35,True,False,False,False,True,False,False,False,0,0,0,0,0,0,0,1,0,1,0,0,0,1
0.2,5,0,0.12424827102335378,0.1,45,False,False,True,False,False,False,False,True,0,0,1,0,0,0,1,0,0,1,0,0,1,0
0.6000000000000001,5,1,0.3473614312919716,0.1,95,False,True,False,False,False,False,True,False,0,1,0,1,0,1,0,0,1,0,0,0,0,0
0.9,2,1,0.12423574220707634,0.6000000000000001,100,False,False,False,True,True,False,False,False,0,0,0,0,0,0,0,0,0,0,0,1,1,0
0.8,3,1,0.3958228926531022,0.0,100,False,False,False,True,True,False,False,False,1,0,0,0,1,0,0,0,0,0,0,0,0,0
0.4,2,1,0.33246466873809766,0.5,85,True,False,False,False,False,False,False,True,0,0,0,0,0,0,0,1,0,1,1,0,0,1
0.9,5,1,1.0,0.30000000000000004,100,False,False,True,False,True,False,False,False,0,0,0,0,0,0,1,0,0,0,0,0,1,0
0.4,1,1,0.7974967425077679,1.0,100,True,False,False,False,True,False,False,False,0,0,0,0,0,0,0,1,0,1,1,0,0,1
0.9,5,1,0.14529668236944981,0.8,100,False,False,True,False,False,False,False,True,0,0,1,0,0,0,1,0,0,0,0,0,0,0
0.30000000000000004,5,1,0.10505412448631857,0.7000000000000001,90,False,False,True,False,True,False,False,False,0,0,1,0,0,0,1,0,0,0,0,0,1,0
0.1,1,0,0.9733261501453343,0.2,45,False,True,False,False,False,True,False,False,0,1,0,1,0,1,0,0,0,0,0,0,0,0
0.7000000000000001,4,1,0.3107522301292974,0.5,100,False,True,False,False,True,False,False,False,0,1,0,1,0,1,0,0,0,0,0,0,0,0
0.7000000000000001,3,1,0.9081763055026562,0.5,100,False,False,True,False,False,False,True,False,0,0,1,0,0,0,1,0,0,1,0,0,1,0
0.7000000000000001,3,1,0.9723739601082491,0.4,100,False,True,False,False,False,False,True,False,0,1,0,0,0,0,0,0,1,0,0,0,0,0
0.8,3,1,0.527676155156861,0.5,100,True,False,False,False,False,False,False,True,0,0,0,0,0,0,0,0,0,1,1,0,0,1
0.6000000000000001,5,1,0.07359426681367154,0.5,100,False,True,False,False,False,False,True,False,0,0,0,1,0,0,0,0,1,0,0,0,0,0
0.0,4,0,0.3791094517389998,0.4,40,False,False,False,True,False,False,False,True,1,0,0,0,1,0,0,0,0,0,0,1,1,0
0.30000000000000004,3,1,0.08389295379372563,0.6000000000000001,75,False,False,False,True,False,False,False,True,1,0,0,0,1,0,0,0,0,0,0,0,1,0
0.6000000000000001,4,1,0.7841911396211287,0.0,90,True,False,False,False,True,False,False,False,0,0,0,0,0,0,0,1,0,1,1,0,0,1
0.2,3,1,0.745652500751729,0.30000000000000004,65,False,False,False,True,False,True,False,False,1,0,0,0,1,0,0,0,0,0,0,1,1,0
0.8,3,1,0.7556630249574021,0.7000000000000001,100,True,False,False,False,False,False,True,False,0,0,0,0,0,0,0,1,0,1,1,0,0,1
0.2,4,1,0.32577428084594573,0.9,75,False,False,False,True,False,False,False,True,0,0,0,0,1,0,0,0,0,0,0,0,1,0
0.2,5,1,0.19108950586348605,0.6000000000000001,75,False,True,False,False,False,True,False,False,0,1,0,0,0,1,0,0,1,0,0,0,0,0
0.2,4,0,0.25884534429187134,0.0,40,False,True,False,False,False,False,False,True,0,1,0,1,0,1,0,0,1,0,0,0,0,0
0.7000000000000001,3,1,0.9054324947378973,1.0,100,True,False,False,False,True,False,False,False,0,0,0,0,0,0,0,1,0,1,1,0,0,1
0.6000000000000001,5,1,0.10299939861681873,1.0,100,False,False,True,False,False,True,False,False,0,0,1,0,0,0,1,0,0,1,0,0,1,0
0.9,5,1,0.7185276135110756,0.7000000000000001,100,True,False,False,False,False,True,False,False,0,0,0,0,0,0,0,0,0,1,1,0,0,0
0.4,5,0,0.7986243359727374,0.0,60,False,False,True,False,True,False,False,False,0,0,1,0,0,0,1,0,0,0,0,0,0,0
1.0,4,1,0.022952791420266627,0.9,100,False,True,False,False,False,False,True,False,0,0,0,1,0,1,0,0,0,0,0,0,0,0
0.6000000000000001,2,1,0.20831662824496344,0.5,100,True,False,False,False,False,False,False,True,0,0,0,0,0,0,0,1,0,1,0,0,0,1
0.0,2,0,0.4030019043800742,0.6000000000000001,55,False,False,True,False,True,False,False,False,0,0,1,0,0,0,1,0,0,1,0,0,0,0
0.5,2,1,0.6010449032775385,0.0,70,True,False,False,False,False,False,True,False,0,0,0,0,0,0,0,0,0,1,0,0,0,1
0.30000000000000004,4,1,0.7871729978951589,0.6000000000000001,85,False,True,False,False,True,False,False,False,0,0,0,1,0,1,0,0,1,0,0,0,0,0
0.6000000000000001,5,1,0.9711711937456149,0.0,80,False,False,True,False,True,False,False,False,0,0,1,0,0,0,1,0,0,0,0,0,0,0
0.6000000000000001,3,1,0.3014934349002707,0.0,85,True,False,False,False,False,True,False,False,0,0,0,0,0,0,0,1,0,0,1,0,0,1
1.0,3,1,0.621567104339982,0.30000000000000004,100,True,False,False,False,False,False,False,True,0,0,0,0,0,0,0,1,0,1,1,0,0,0
0.30000000000000004,2,0,0.6859151047409042,0.30000000000000004,60,False,False,True,False,False,False,False,True,0,0,1,0,0,0,1,0,0,0,0,0,1,0
0.30000000000000004,4,1,0.9384584544452241,0.9,100,False,True,False,False,True,False,False,False,0,1,0,1,0,1,0,0,1,0,0,0,0,0
0.7000000000000001,5,1,0.408514583542147,0.1,85,False,False,True,False,False,False,False,True,0,0,0,0,0,0,0,0,0,1,0,0,1,0
0.0,3,0,0.9215946677357925,0.4,40,True,False,False,False,False,False,False,True,0,0,0,0,0,0,0,1,0,1,1,0,0,1
0.5,2,1,0.6571740002004611,0.1,75,False,False,True,False,False,False,False,True,0,0,1,0,0,0,1,0,0,1,0,0,1,0
0.5,4,1,0.7606870802846548,0.30000000000000004,85,False,False,True,False,True,False,False,False,0,0,1,0,0,0,0,0,0,1,0,0,0,0
0.4,4,1,0.9024506364638669,0.9,100,False,True,False,False,False,False,False,True,0,1,0,1,0,0,0,0,1,0,0,0,0,0
0.9,1,1,0.8571840232534831,0.9,100,False,False,False,True,False,False,True,False,1,0,0,0,1,0,0,0,0,0,0,1,1,0
0.6000000000000001,5,1,0.32536082990879023,0.2,90,False,True,False,False,True,False,False,False,0,0,0,1,0,0,0,0,1,0,0,0,0,0
0.7000000000000001,1,1,0.7322341385185929,0.1,95,True,False,False,False,False,True,False,False,0,0,0,0,0,0,0,0,0,1,0,0,0,1
0.1,5,1,0.9203668437406034,0.6000000000000001,70,False,False,True,False,False,False,True,False,0,0,1,0,0,0,1,0,0,1,0,0,1,0
0.8,5,1,0.18178059536934954,0.2,100,False,True,False,False,False,True,False,False,0,1,0,1,0,0,0,0,1,0,0,0,0,0
0.5,5,1,0.7646963014934349,0.5,100,False,False,False,True,False,True,False,False,1,0,0,0,1,0,0,0,0,0,0,1,1,0
0.5,1,1,0.8510449032775385,0.7000000000000001,100,False,False,True,False,False,True,False,False,0,0,0,0,0,0,1,0,0,0,0,0,1,0
0.7000000000000001,1,1,0.9696176205272127,1.0,100,False,False,False,True,False,False,False,True,1,0,0,0,1,0,0,0,0,0,0,1,1,0
0.1,3,0,0.10113260499148047,0.5,50,False,False,False,True,False,False,False,True,1,0,0,0,1,0,0,0,0,0,0,0,1,0
0.1,3,0,0.2960308710033076,0.0,30,True,False,False,False,False,False,False,True,0,0,0,0,0,0,0,1,0,1,1,0,0,1
0.2,1,0,0.39528415355317237,0.1,45,False,False,True,False,False,True,False,False,0,0,0,0,0,0,1,0,0,1,0,0,0,0
0.9,1,1,0.2848802245163877,0.7000000000000001,100,False,True,False,False,False,False,False,True,0,1,0,0,0,1,0,0,0,0,0,0,0,0
0.1,3,1,0.5252330359827604,1.0,85,False,False,False,True,False,True,False,False,1,0,0,0,1,0,0,0,0,0,0,0,1,0
1.0,3,1,0.09914052320336775,1.0,100,False,False,True,False,False,False,True,False,0,0,1,0,0,0,1,0,0,1,0,0,0,0
0.30000000000000004,5,0,0.19144031271925432,0.1,60,False,False,True,False,False,False,True,False,0,0,0,0,0,0,1,0,0,1,0,0,1,0
0.2,4,1,0.6370151348100632,0.7000000000000001,75,False,False,True,False,False,True,False,False,0,0,0,0,0,0,1,0,0,0,0,0,1,0
0.9,4,1,0.08533376766563094,0.8,100,False,True,False,False,True,False,False,False,0,0,0,1,0,1,0,0,0,0,0,0,0,0
0.5,5,1,0.04505362333366747,0.4,90,True,False,False,False,True,False,False,False,0,0,0,0,0,0,0,0,0,0,1,0,0,1
0.30000000000000004,3,0,0.050566302495740234,0.0,60,False,False,False,True,False,False,True,False,1,0,0,0,1,0,0,0,0,0,0,1,1,0
0.1,5,1,0.10487872105843443,0.8,75,False,True,False,False,False,False,True,False,0,1,0,0,0,1,0,0,1,0,0,0,0,0
0.6000000000000001,2,1,0.8692242156961012,0.6000000000000001,100,False,True,False,False,True,False,False,False,0,1,0,1,0,1,0,0,1,0,0,0,0,0
0.2,4,0,0.6790117269720357,0.2,45,True,False,False,False,False,False,False,True,0,0,0,0,0,0,0,1,0,1,0,0,0,1
0.2,5,1,0.5091084494336975,0.6000000000000001,80,False,False,True,False,True,False,False,False,0,0,1,0,0,0,1,0,0,1,0,0,1,0
0.30000000000000004,5,1,0.4849779492833518,0.4,70,False,False,False,True,False,False,False,True,1,0,0,0,1,0,0,0,0,0,0,1,1,0
0.30000000000000004,1,0,0.1364012228124687,0.1,60,False,True,False,False,False,True,False,False,0,1,0,1,0,0,0,0,1,0,0,0,0,0
0.4,5,1,0.4943119174100432,0.5,90,False,False,False,True,True,False,False,False,0,0,0,0,1,0,0,0,0,0,0,1,1,0
0.1,1,1,0.7500877017139422,0.8,70,False,True,False,False,False,False,False,True,0,1,0,1,0,1,0,0,1,0,0,0,0,0
0.2,2,1,0.028452941766061945,0.30000000000000004,65,False,False,True,False,False,True,False,False,0,0,1,0,0,0,1,0,0,1,0,0,1,0
1.0,1,1,0.12657863085095722,0.30000000000000004,100,True,False,False,False,False,False,True,False,0,0,0,0,0,0,0,1,0,1,1,0,0,1
0.5,1,1,0.07076275433497048,0.0,75,False,True,False,False,True,False,False,False,0,0,0,1,0,1,0,0,1,0,0,0,0,0
0.7000000000000001,3,1,0.5948306104039291,0.9,100,False,False,True,False,True,False,False,False,0,0,1,0,0,0,1,0,0,0,0,0,0,0
0.0,4,1,0.3765159867695701,0.9,75,True,False,False,False,False,True,False,False,0,0,0,0,0,0,0,1,0,1,1,0,0,1
0.6000000000000001,1,1,0.1653929036784605,0.5,100,False,False,True,False,False,True,False,False,0,0,1,0,0,0,1,0,0,1,0,0,1,0
0.4,3,1,0.6503833817780897,0.8,100,False,True,False,False,False,False,True,False,0,1,0,1,0,1,0,0,1,0,0,0,0,0
0.7000000000000001,1,1,0.19226721459356522,0.2,100,False,False,True,False,True,False,False,False,0,0,1,0,0,0,1,0,0,1,0,0,1,0
0.30000000000000004,1,1,0.9152175002505765,0.5,85,False,False,True,False,True,False,False,False,0,0,1,0,0,0,1,0,0,1,0,0,1,0
0.6000000000000001,4,1,0.6275433497043199,0.4,100,False,True,False,False,False,False,False,True,0,1,0,1,0,1,0,0,1,0,0,0,0,0
0.7000000000000001,4,1,0.8686604189636165,0.6000000000000001,100,False,True,False,False,False,False,False,True,0,1,0,0,0,0,0,0,1,0,0,0,0,0
0.7000000000000001,1,1,0.9452991881327053,0.5,100,False,False,False,True,False,False,False,True,1,0,0,0,1,0,0,0,0,0,0,0,1,0
0.30000000000000004,3,1,0.9941239851658816,0.9,100,False,False,True,False,False,False,True,False,0,0,0,0,0,0,1,0,0,1,0,0,1,0
0.30000000000000004,2,1,0.46691139621128597,0.30000000000000004,70,False,False,True,False,False,False,True,False,0,0,0,0,0,0,1,0,0,1,0,0,1,0
0.9,1,1,0.7066502956800642,0.0,100,False,False,True,False,False,False,True,False,0,0,1,0,0,0,0,0,0,1,0,0,1,0
0.5,1,1,0.10209732384484316,0.9,100,True,False,False,False,False,True,False,False,0,0,0,0,0,0,0,1,0,1,1,0,0,1
0.6000000000000001,5,1,0.3115415455547761,0.8,100,True,False,False,False,True,False,False,False,0,0,0,0,0,0,0,1,0,0,0,0,0,1
0.2,5,1,0.14578530620426988,1.0,85,False,True,False,False,False,False,False,True,0,1,0,1,0,1,0,0,0,0,0,0,0,0
0.8,3,1,0.27306555076676364,0.8,100,False,False,True,False,False,False,False,True,0,0,1,0,0,0,1,0,0,0,0,0,1,0
0.6000000000000001,4,1,0.20473338678961617,0.1,85,False,True,False,False,False,False,False,True,0,1,0,1,0,1,0,0,1,0,0,0,0,0
0.6000000000000001,1,1,0.12848301092512782,0.0,90,False,False,True,False,True,False,False,False,0,0,1,0,0,0,1,0,0,1,0,0,1,0
0.0,3,1,0.7435100731682871,0.9,65,True,False,False,False,True,False,False,False,0,0,0,0,0,0,0,0,0,0,1,0,0,1
0.9,5,1,0.8042121880324749,1.0,100,False,False,True,False,False,False,True,False,0,0,0,0,0,0,1,0,0,1,0,0,1,0
0.0,4,0,0.0717901172697204,0.7000000000000001,50,False,False,False,True,False,False,False,True,1,0,0,0,0,0,0,0,0,0,0,1,1,0
0.8,1,1,0.9074496341585647,0.8,100,False,False,False,True,False,False,True,False,1,0,0,0,0,0,0,0,0,0,0,0,1,0
0.30000000000000004,4,1,0.3589881727974341,0.6000000000000001,90,True,False,False,False,True,False,False,False,0,0,0,0,0,0,0,1,0,1,1,0,0,1
0.6000000000000001,4,1,0.006389696301493442,0.1,90,False,False,False,True,True,False,False,False,1,0,0,0,1,0,0,0,0,0,0,0,1,0
0.1,2,0,0.5796832715245064,0.2,50,True,False,False,False,True,False,False,False,0,0,0,0,0,0,0,1,0,1,1,0,0,1
0.7000000000000001,2,1,0.6969028766162173,0.8,100,False,True,False,False,True,False,False,False,0,1,0,1,0,1,0,0,1,0,0,0,0,0
0.30000000000000004,1,1,0.6914027262704221,0.7000000000000001,75,True,False,False,False,False,False,False,True,0,0,0,0,0,0,0,1,0,1,0,0,0,0
0.7000000000000001,3,1,0.3481256890848953,1.0,100,False,False,False,True,False,False,True,False,1,0,0,0,1,0,0,0,0,0,0,1,1,0
0.9,1,1,0.6144507366943972,0.0,100,False,False,True,False,False,False,True,False,0,0,1,0,0,0,1,0,0,0,0,0,1,0
0.9,4,1,0.21717450135311223,0.7000000000000001,100,True,False,False,False,False,False,True,False,0,0,0,0,0,0,0,1,0,1,0,0,0,1
0.30000000000000004,2,1,0.3891074471283954,0.4,75,False,False,True,False,True,False,False,False,0,0,0,0,0,0,1,0,0,1,0,0,1,0
1.0,5,1,0.7533953092111858,1.0,100,True,False,False,False,False,False,True,False,0,0,0,0,0,0,0,1,0,1,0,0,0,0
0.6000000000000001,4,1,0.11496441816177216,0.1,80,False,False,False,True,False,False,False,True,1,0,0,0,1,0,0,0,0,0,0,0,1,0
0.1,3,1,0.6854515385386388,0.7000000000000001,75,True,False,False,False,False,False,True,False,0,0,0,0,0,0,0,1,0,1,1,0,0,1
0.0,5,0,0.9884108449433697,0.8,60,False,False,True,False,False,True,False,False,0,0,1,0,0,0,0,0,0,0,0,0,1,0
1.0,1,1,0.22361431291971534,0.30000000000000004,100,False,False,False,True,False,True,False,False,0,0,0,0,1,0,0,0,0,0,0,1,1,0
0.1,4,1,0.05029066853763664,0.8,65,False,False,True,False,False,False,False,True,0,0,1,0,0,0,1,0,0,0,0,0,1,0
0.2,3,1,0.4532800441014333,0.4,65,True,False,False,False,False,False,True,False,0,0,0,0,0,0,0,1,0,0,1,0,0,1
0.5,1,1,0.1809161070462063,0.8,100,True,False,False,False,False,False,True,False,0,0,0,0,0,0,0,1,0,1,0,0,0,0
0.9,4,1,0.06984815074671746,0.9,100,False,True,False,False,True,False,False,False,0,1,0,1,0,1,0,0,1,0,0,0,0,0
0.5,3,1,0.8339305402425579,0.4,100,False,False,False,True,False,False,True,False,1,0,0,0,1,0,0,0,0,0,0,1,1,0
0.30000000000000004,5,1,0.947466673348702,0.9,100,False,True,False,False,False,False,True,False,0,1,0,1,0,1,0,0,1,0,0,0,0,0
1.0,5,1,0.12630299689285363,1.0,100,False,False,False,True,False,True,False,False,0,0,0,0,0,0,0,0,0,0,0,1,1,0
0.1,4,0,0.25570061140623435,0.0,40,False,True,False,False,False,True,False,False,0,1,0,1,0,1,0,0,1,0,0,0,0,0
0.4,5,1,0.14604841134609603,0.6000000000000001,90,False,False,False,True,False,False,True,False,0,0,0,0,1,0,0,0,0,0,0,1,0,0
0.0,1,0,0.9306279442718253,0.9,60,False,True,False,False,False,False,False,True,0,1,0,1,0,1,0,0,0,0,0,0,0,0
0.0,4,0,0.7919339480805854,0.5,45,False,False,True,False,False,True,False,False,0,0,1,0,0,0,1,0,0,0,0,0,0,0
0.0,2,1,0.9242507767866093,0.9,65,True,False,False,False,False,False,True,False,0,0,0,0,0,0,0,1,0,0,0,0,0,1
0.8,5,1,0.5395033577227624,1.0,100,False,True,False,False,True,False,False,False,0,1,0,1,0,1,0,0,1,0,0,0,0,0
0.7000000000000001,3,1,0.9946501954495339,0.30000000000000004,100,False,False,True,False,False,True,False,False,0,0,1,0,0,0,1,0,0,1,0,0,1,0
